name,lat,lon,shop,brand,opening_hours,website,phone
Netto,43.3524001,-1.5499784,supermarket,Netto,Mo-Sa 08:30-19:30; Su 09:00-12:30,https://magasin.netto.fr/231-netto-gastelu,+33 5 59 54 59 59
Eroski,43.314179,-1.9005674,supermarket,Eroski,,,
Epicerie,42.9340436,-0.6350118,convenience,,"We-Sa 08:30-13:30, 15:00-18:30; Su 09:00-15:00",,
Le Petit Marché d'Aulus les Bains,42.7899158,1.3367008,convenience,,"Mo-Sa 08:00-13:00, 15:00-19:00; Su 08:00-13:00",,+33 6 87 24 08 76
Super Amara,43.3037933,-1.9777999,supermarket,,Mo-Su 09:00-21:00,https://www.superamara.com/,+34943461177
BM,43.3027584,-1.9799581,supermarket,BM,,,
,43.3048553,-1.9818306,convenience,,,,
Eroski,43.3229966,-1.9720182,supermarket,Eroski,,,
Supermercat Saint Moritz,42.5716368,1.4845445,supermarket,,,,
Supermercat Moles,42.5713942,1.4859614,supermarket,,Mo-Su 09:00-21:00,,
Carrefour Montagne,42.9066677,-0.1045588,convenience,Carrefour Montagne,Mo-Su 08:00-20:00,,
Juan Carlos Frutería,43.3037823,-1.9767042,greengrocer,,Mo-Su 08:30-20:30,,+34943475239
Super Adarra,43.3046446,-1.9771975,supermarket,,,,
La Pera,43.305105,-1.975364,greengrocer,,,,
BM,43.2492182,-1.991035,supermarket,BM,,,
La Huerta del País,43.3167505,-1.9311211,greengrocer,,,,
BM,43.3426629,-1.7978939,supermarket,BM,,,
BM,43.3395032,-1.7955943,supermarket,BM,,,
San Gabriel,43.3037555,-1.979063,greengrocer,,,,
Eroski,43.319579,-1.9195401,supermarket,Eroski,Mo-Sa 09:00-21:00,,
,43.3063281,-1.9759577,convenience,,,,
Todo Todo,43.3066275,-1.9733235,supermarket,,,,
Verami,43.3092704,-1.8814191,convenience,,,,
Ekolur,43.3092103,-1.8813214,convenience,,,,
Eroski,43.3113556,-1.8961443,supermarket,Eroski,Mo-Sa 09:00-21:00,,
Carrefour Express,42.4803929,3.1288681,supermarket,Carrefour Express,"Mo-Sa 07:00-20:00; Su 07:00-13:00, 16:00-20:00",https://www.carrefour.fr/magasin/express-banyuls,+33 4 68 88 19 52
Bodegon San Pedro,43.3257658,-1.9262783,convenience,,,,
Bodega Puigmal,42.2531157,3.1033425,supermarket,,,,
Montserrat,42.2452006,3.1258616,supermarket,,Mo-Sa 08:30-21:00; Su 08:30-14:30,,
Alcampo,43.3669783,-1.7954051,supermarket,Alcampo,Mo-Sa 09:00-21:00,,
Labore Oarso,43.3012463,-1.8793827,supermarket,,,,+34 943 47 74 01
Spar,42.8900362,-0.1138777,convenience,Spar,,,
Carrefour Market,42.8272044,0.3331506,supermarket,Carrefour Market,Mo-Sa 08:00-19:30; Su 08:00-12:30,https://www.carrefour.fr/magasin/market-bourisp,+33 5 62 40 70 80
Eroski,43.3182256,-1.9677533,supermarket,Eroski,Mo-Sa 09:00-21:00,,
Maxi Mercat,42.5435615,1.7327092,supermarket,,,https://www.hiperpas.com/,+376 855 338
Hiper Pas IV,42.543212,1.7354792,supermarket,,Mo-Sa 08:00-20:00; Su 08:00-19:00,,
Spar,42.5416228,1.7321279,supermarket,Spar,,,
Todo Todo,43.3035337,-1.9811067,convenience,,,,
Ixa,43.2820082,-1.9477225,supermarket,,,,
Franprix,42.4815399,3.1288184,convenience,Franprix,Mo-Sa 07:30-20:00; Su 07:00-13:00,https://www.franprix.fr/magasins/1245,
Alimentation St. Sebastien,42.4821305,3.1278173,convenience,,,,
Les Marchés du Sud,42.4821326,3.1286374,greengrocer,,,,
Vival,43.2653199,-1.3497493,convenience,Vival,"Mo-Sa 08:00-12:15,16:00-19:00; Su 08:00-12:00",,
Épicerie L'Estibère,42.8884556,-0.4275992,convenience,,,,+33 6 88 38 19 75
Vival,43.3876554,-1.6603301,convenience,Vival,"Mo-Sa 08:00-12:30,15:00-19:30",https://magasins.vival.fr/fr/vival-saint-jean-de-luz,+33 5 59 26 13 65
Les Vergers du Roussillon,42.5168851,3.1055993,greengrocer,,,,
,43.295727,-1.9555301,convenience,,,,
Eroski City,43.295342,-1.9546706,supermarket,Eroski,Mo-Fr 08:30-20:00; Sa 09:00-14:00,,
Intermarché Contact,42.8733563,0.3426354,convenience,Intermarché Contact,,,
Blanc,42.5032579,2.0774447,convenience,,"Tu-Sa 08:15-12:15,16:00-19:30; Su 08:15-12:15",,
Intermarché Contact,42.5550214,3.0430569,supermarket,Intermarché,,,
Franprix,42.5506908,3.0469936,convenience,Franprix,Mo-Sa 07:30-19:30; Su 08:30-20:00,https://www.franprix.fr/magasins/1242,
Direct Roussillon,42.5241496,3.0832822,convenience,,,,
Carrefour Express,42.5173761,3.1060223,supermarket,,Mo-Su 08:00-20:00,https://www.carrefour.fr/magasin/carrefour-express-port-vendres,+33 4 68 61 58 74
,43.0175084,-0.9546343,convenience,,,,
Covirán Mendigatxa,42.8615113,-0.9227575,supermarket,Covirán,,,
,42.7550179,-0.8288666,convenience,,,,
Carniceria & Alimentación Rosenda,42.7569141,-0.828278,convenience,,,,
Mur,42.5805066,0.3384984,convenience,,,,
,42.4707899,0.5982812,convenience,,,,
,42.5120697,0.4884133,convenience,,,,
Bon Area,42.4119802,1.1312887,supermarket,Bon Area,,,
Port Cantó,42.3976296,1.1379287,convenience,,24/7,,
Abegi,43.3175102,-1.9523752,convenience,,,,
Spar,43.1757989,-1.3464396,supermarket,Spar,"Mo-Sa 07:30-12:30, 14:00-19:00; Su 07:30-12:15",https://www.oronos.fr/,+33 5 59 37 40 34
Total,42.4631544,2.6388602,convenience,Total,24/7,https://store.totalenergies.fr/en_EN/NF043652,+33 4 68 39 11 45
,42.5918717,0.5393891,supermarket,,,,
Relais des Mousquetaires,42.4034111,2.4812519,convenience,,"Sep-Jun Mo-Sa 09:00-13:00,15:00-19:00; Su 09:00-12:00; Jul-Aug Mo-Sa 09:00-:19:00; Su 09:00-12:00",,+33 4 68 39 79 93
Salata,42.2653453,3.1564597,convenience,,,,
Roussillon & co,42.4819831,3.1286137,convenience,,,,
Lidl,42.271825,3.147622,supermarket,Lidl,Mo-Fr 09:00-21:30; Su 09:00-15:00; Sa 09:00-21:30,,
Hiper Roses,42.2634324,3.1542639,supermarket,,,,
Neus,42.4259799,3.159458,convenience,,,,
Linge maison,43.3110141,-1.6898973,supermarket,,,,
Au Petit Marché,42.7884992,0.0192359,convenience,,Tu-Su,,+33 5 62 45 35 14
Sol y Nieve,42.7073902,0.9027191,convenience,,,,
Supermercat - Ca la mama,42.2916114,3.2821678,convenience,,,,
Spar,42.2894675,3.2766557,supermarket,Spar,,,
Todotodo Spar,43.3408212,-1.7832296,supermarket,Spar,,,
Valvi,42.3687711,3.157359,supermarket,,Mo-Su 08:30-21:30,,
Can Kiko,42.41171,1.1303266,convenience,,,,
Llibreria-papereria Solé,42.4117426,1.1308501,kiosk,,,,
Giró,42.4101356,1.1293423,convenience,,,,
Dia,42.4127933,1.1311743,supermarket,Dia,,https://www.dia.es,
Garralla,42.5465247,1.513732,supermarket,,,,
BM,43.2684296,-1.9757324,supermarket,BM,,,
Eroski City,43.2666175,-1.977048,supermarket,Eroski,,,
Aliprox,43.2662898,-1.9750279,supermarket,,,,
Proxi Superette,42.5231504,2.9355095,convenience,,,,
El botero de Masueco,42.6051681,0.5221203,convenience,,,http://www.elboterodemasueco.com/,+34 974 55 29 87
SPAR,42.3380368,3.2033326,supermarket,,,,
Birolez,42.8752858,0.9575295,convenience,,"Tu-Su 12:30-19:00,16:00-19:00, Su 16:00-19:00; Mo off",,
Supeco,42.7935387,0.5931284,supermarket,,"Mo-Sa 08:30-19:30, Su 09:00-12:45",https://magasin.netto.fr/568-netto-bagneres-de-luchon,
el mercat,42.5801855,1.6514365,supermarket,,Mo-Sa 08:00-22:00; Su 08:00-21:00,,+376 720 358
Spar,42.4566088,2.037681,convenience,Spar,"Mo-Sa 07:00-13:00,15:30-19:30; Su 08:00-13:00",https://magasins.spar.fr/fr/s/spar-supermarche-saillagouse,+33 4 68 04 30 02
Caprabo,42.5087003,1.5347141,supermarket,Caprabo,Mo-Sa 10:00-21:00; Su 10:00-19:00,https://www.caprabo.com/,+376 870 310
,42.3430073,3.060464,greengrocer,,,,
Eroski,43.2691774,-1.9739739,supermarket,Eroski,,,
Intermarché,43.3532937,-1.7738182,supermarket,Intermarché,Mo-Sa 09:00-20:00; Su 09:00-12:30,https://www.intermarche.com/magasins/06832/hendaye-64700/infos-pratiques,+33 5 59 20 31 89
Toki Eder,43.3118349,-1.8968703,greengrocer,,,,
BM,43.313581,-1.8998398,supermarket,BM,,,
Todo Todo,43.3114713,-1.9015749,supermarket,,,,
Ravi Frutas 77,43.3146246,-1.9009079,greengrocer,,,,
Super Amara,43.3127091,-1.9040097,supermarket,,,,
BM,43.3171641,-1.9717483,supermarket,BM,,,
Vival,42.8828324,1.2152463,convenience,Vival,"Mo-Tu 07:30-13:00, 15:00-19:30; Th-Sa 07:30-13:00, 15:00-19:30",https://vival.casino.fr/stores/tw622,+33 5 61 66 82 71
La Palmera,43.3375892,-1.7825113,greengrocer,,,,
Supermercado El Bozo,42.7880299,-0.5304205,convenience,,,,
,42.7889125,-0.5303873,convenience,,,,
Axun,43.1470882,-1.5191873,greengrocer,,,,
Eroski,43.1465852,-1.516194,supermarket,Eroski,,,
Alimentación Adela,43.1448103,-1.5188815,supermarket,,,,
BM,43.1384091,-1.5262673,supermarket,BM,,,
Dia,43.142555,-1.5209309,supermarket,Dia,,,
Eurospar,42.2401979,3.1231096,supermarket,Eurospar,,,
,43.2461657,-1.9926267,supermarket,,,,
Carrefour Montagne,42.9111947,0.177548,supermarket,Carrefour Montagne,Mo-Su 08:00-20:00,https://www.carrefour.fr/magasin/montagne-la-mongie,+33 5 62 95 51 92
Alcampo,43.3200039,-1.834781,supermarket,Alcampo,Mo-Sa 10:00-22:00,,
BM,43.316313,-1.9325222,supermarket,BM,Mo-Sa 09:00-21:00,,
Bonpreu,42.2649626,3.1757095,supermarket,Bonpreu,,,
,43.3476845,-1.7707726,convenience,,,,
Carrefour Express,43.3718962,-1.7739221,convenience,Carrefour Express,Mo-Sa 08:00-21:00; Su 09:00-13:00,https://www.carrefour.fr/magasin/express-hendaye-pins,+33 5 59 20 10 65
Casino Shop,43.3722972,-1.7733956,convenience,Casino Shop,"Mo-Su,PH 08:00-20:00",,
Carrefour,42.547324,1.5144977,supermarket,Carrefour,,,
,42.5122893,0.4933213,convenience,,,,
Covirán,42.5120475,0.4903154,supermarket,Covirán,,,
Co Aliment,42.6290481,1.1212473,supermarket,,,,
Épicerie du Courdet,42.9284264,0.89587,convenience,,,,
,42.5881233,1.3267854,convenience,,off,,
El Rebost d'Espot,42.5756288,1.0883011,convenience,,,,
Spar,42.325653,3.0929314,supermarket,Spar,,,
Eroski City,42.6055009,0.5252736,supermarket,Eroski,"Mo-Sa 09:00-14:00,17:00-20:00",,
Petit Casino,42.8909223,1.3434197,convenience,Petit Casino,,,
Eco boats,42.2465217,3.1249902,kiosk,,,,
Los Barkitos,42.2464286,3.1248897,kiosk,,Mo-Su 10:00-19:00,https://www.marinaferry.es,+34 972452579
,42.9732809,-1.3519986,convenience,,,,
Comer la Clementina,42.5332806,1.5792389,convenience,,,,
Supermerkat Can Ribas,42.4268606,3.1590887,supermarket,,"Mo-Sa 9:00-13:30,16:00-19:00",,
L'épi du Moulin,42.3838787,2.614587,convenience,,,,+33 4 68 39 55 00
Intermarché,42.4860848,2.7492357,supermarket,Intermarché,,,
Sherpa,42.7006111,1.8148946,supermarket,Sherpa,,,
Casino,42.9589144,-0.0744118,supermarket,Casino,"Mo-Sa 08:00-12:30,16:00-19:30; We 08:00-12:30",,+33 5 62 92 78 21
,42.9584394,-0.0753239,greengrocer,,,,
,42.4684717,1.4933845,convenience,,,,
Suma,42.3074004,3.1463818,supermarket,Suma,,,
A Mano,42.8081397,-0.9555449,convenience,,,,
,43.1847863,-1.5073258,convenience,,,,
Valvi,42.3352383,3.2019959,supermarket,,,,
Conchi,43.3162685,-1.9042252,convenience,,,,
,43.3078754,-1.8926327,convenience,,,,
,43.3082267,-1.8945706,convenience,,,,
,43.3092708,-1.904883,convenience,,,,
Eder,43.3096709,-1.904427,convenience,,,,
,43.3092962,-1.9073586,convenience,,,,
Covirán,43.3104523,-1.8910969,supermarket,Covirán,,,
Pili,43.310438,-1.912903,convenience,,,,
Mari Asun,43.3101569,-1.9131173,convenience,,,,
Marce,43.3168026,-1.910865,convenience,,"Mo-Fr 09:00-14:00, 17:30-20:00; Sa 09:00-14:00",,+34 943 34 08 57
,43.3109555,-1.910508,greengrocer,,,,
,43.3119924,-1.910909,convenience,,,,
Adarra,43.3114444,-1.9130832,greengrocer,,,,
Schlecker,43.3111834,-1.9125864,convenience,,,,
Laliren kioskoa,43.3393334,-1.7896891,kiosk,,,,
Veritas,43.3242447,-1.9734282,supermarket,,Mo-Sa 09:15-21:15,,
Frutería Félix,43.324168,-1.973279,greengrocer,,,,
BM,43.3244437,-1.9731364,supermarket,BM,Mo-Sa 09:30-21:30,,
Covirán,43.3420692,-1.8075756,supermarket,Covirán,,,
Isu,43.3234907,-1.9719748,greengrocer,,,,
El Espigón,43.3244953,-1.9722679,supermarket,,,,
Lidl,43.3245083,-1.9718189,supermarket,Lidl,,,
Dia,43.3250717,-1.9721926,supermarket,Dia,Mo-Sa 09:00-21:00,,
Vicki,43.3341062,-1.7885559,convenience,,,,
Caprabo,42.7109826,0.7979861,supermarket,Caprabo,,,
BM,43.3251666,-1.9708327,supermarket,BM,,,
Danión,43.3256503,-1.9714344,greengrocer,,,,
,43.325606,-1.9711709,greengrocer,,,,
Naya,43.3256359,-1.9711236,greengrocer,,,,
Todo todo,43.325535,-1.9712775,supermarket,,,,
La Frutería,43.322839,-1.9733336,greengrocer,,,,
Carrefour Express,43.3898832,-1.6857997,convenience,Carrefour Express,Mo-Su 08:00-21:00,https://www.carrefour.fr/magasin/express-urrugne,
Covirán,43.3228968,-1.9129156,supermarket,Covirán,,,
Gure denda,43.3247752,-1.9175577,convenience,,,,
1907an irekia,43.3272662,-1.919856,convenience,,,,
Queseria Ekia,42.8928069,-0.9401917,convenience,,,,
Aliprox,42.6026566,-0.1217979,supermarket,,,,
Solbes,43.365555,-1.792945,supermarket,,,,
,42.4945841,2.7157104,greengrocer,,,,
Ma Coop,42.4939271,2.7376148,greengrocer,,"Mo-Sa 09:00-13:00,14:00-19:00",,
Joanet,42.5828478,1.2362808,supermarket,,,,
Moulin de Saint-Pierre,42.5274188,3.084693,convenience,,,,
Alimentation de la Tour,42.5237191,3.0856136,convenience,,"Mo-Su 07:30-12:30,16:00-19:00",,
Vival,42.526421,3.0830002,convenience,Vival,Mo-Su 08:00-20:00,https://magasins.lepetitcasino.com/fr/s/petit-casino-collioure-leclerc,+33448892481
Super Amara,43.3080783,-1.971045,supermarket,,,,
Reflet de Lames,42.5275939,3.084492,convenience,,,,
Boutique Sympa,42.5275949,3.0846636,convenience,,,,
El cami pitit,42.5275435,3.0847046,convenience,,,,
Manjao,42.5275788,3.0848092,convenience,,,,
Lavande,42.5275889,3.0853341,convenience,,,,
Majolique,42.527476,3.0854326,convenience,,,,
Majolique,42.5275597,3.0852699,convenience,,,,
Souvenirs,42.5276201,3.0854011,convenience,,,,
Les Ch'tites courses,42.5108603,2.1784138,convenience,,,,
La musette de l'Ars,42.7901809,1.3363095,convenience,,"Mo-Th 08:30-13:00,16:00-19:00; Fr-Su 08:30-19:00",,+33 6 12 23 02 92
els Carantos,42.4763619,0.7170783,kiosk,,,,
Super U,42.5079632,1.5304282,supermarket,,,https://www.magasins-u.com/magasin/superu-andorra.m98005,
Les Épiciers d'Ustou,42.7975001,1.2634612,convenience,,"We-Su 08:30-13:45, 15:45-19:00",,+33 5 61 64 63 12
,43.3382541,-1.7648984,supermarket,,,,
Català,42.4037047,3.1506731,supermarket,,,,
Mercè,42.4037107,3.150839,supermarket,,,,
Carrefour Montagne,42.8752756,-0.0036159,supermarket,Carrefour Montagne,,,+33 5 62 92 83 01
Mercadona,42.7036565,0.7942543,supermarket,Mercadona,Mo-Sa 09:15-21:15,https://www.mercadona.es,+34 973 307 265
Ca d'Antema Carnisseria Queviures,42.3792783,0.964058,supermarket,,"Mo-Sa 09:00-14:00,17:00-19:30",https://www.cadantema.com/,+34 973 66 3123
Alimentación,43.3395359,-1.7840048,convenience,,,,
Covirán,43.3403227,-1.7710293,supermarket,Covirán,,,
Capain,43.3379767,-1.7854591,convenience,,,,
Juan,43.3383893,-1.788527,convenience,,,,
Dumboa,43.3382646,-1.7826722,supermarket,,,,
Casa prujente,42.5125816,0.4927943,convenience,,,,
Tiendica de Biskarret,42.9674509,-1.4186978,supermarket,,,,
Proxi,42.957862,-0.3315786,convenience,Proxi,"Mo-Su 08:00-12:30, Mo-Sa 15:30-19:00",,
Vival,42.7876663,1.2988367,convenience,Vival,"Mo-Sa 08:00-13:00,16:00-19:00; Su 09:00-13:00",https://magasins.vival.fr/fr/s/vival-seix,+33 5 61 64 93 94
Coopérative Maritime,43.3846288,-1.6654735,supermarket,,,,
La huerta del País,43.3393389,-1.7874543,greengrocer,,,,
plusfrésc,42.413665,1.132496,supermarket,,Mo-Sa 09:00-21:00,,
Casa Chep,42.520024,0.8477761,supermarket,,,,
Supermercat L'Escudeller Queviures,42.5047103,0.802394,supermarket,,"Mo-Su 09:00-14:00,17:00-20:00",,
L'Agrobotiga,42.5041068,0.8006564,convenience,,,,
Alto Aragon,42.6040759,-0.1222806,supermarket,,,,+34 974 486 006
Au Panier du Garbet,42.8503776,1.2873382,convenience,,,,
Monop',43.3892497,-1.6598004,convenience,Monop',Mo-Su 08:00-22:00,,+33 5 59 85 25 88
Carrefour City,43.3907299,-1.6574176,convenience,Carrefour City,Mo-Sa 07:00-21:00; Su 09:00-13:00,https://www.carrefour.fr/magasin/city-saint-jean-de-luz,+33 5 59 26 46 46
Le Relais des Mousquetaires,43.1615182,-1.2377362,convenience,,"Mo, We-Sa 09:00-12:30, 15:30-19:15",,
l'epicerie,42.791276,0.389134,convenience,,,,+33 5 62 99 98 10
Baztango,43.1432903,-1.5195976,greengrocer,,,,
Carrefour Montagne Loudenvielle,42.7960301,0.4092239,supermarket,Carrefour,Mo-Su 08:00-20:00,https://www.carrefour.fr/magasin/montagne-loudenvielle,+33 5 62 99 66 84
Art & Gastro,42.9876378,-0.4265388,convenience,,,,
Le Jardin de Nadège,42.987778,-0.4259728,convenience,,,,
Autoservei Carme,42.3853354,2.7465802,convenience,,,,
Toma pan y moja,43.3406961,-1.787033,convenience,,,,
Condis,42.2593928,3.1804372,supermarket,Condis,Mo-Sa 09:00-21:00; Su 09:00-14:30,,
,42.2476432,3.1961126,supermarket,,,,
Dumboa,43.3394584,-1.7892391,convenience,,,,
Intermarché Super,42.912725,0.6478569,supermarket,Intermarché Super,"Mo-Fr 09:00-12:30,14:30-19:30; Sa 09:00-19:30",,
Super Amara,43.3405621,-1.7900881,supermarket,,,,
Ábrego carnicería alimentación,43.3405164,-1.7911397,convenience,,,,
Kiosko 33,43.3403659,-1.7917312,kiosk,,,,
Lola comestibles,43.3389052,-1.7822774,convenience,,,,
Frutería Zubitxo,43.3231671,-1.9313457,convenience,,,,
BM,43.3222484,-1.9397097,supermarket,BM,,,
La Corbeille Catalane,42.5542775,3.0426266,greengrocer,,,,
Proxi,42.5302763,2.9551194,convenience,Vival,"Mo-Sa 07:30-12:30, 16:00-19:00; Su 08:30-13:00",,+33468954839
Spar,43.3238161,-1.9737864,supermarket,Spar,,,
,42.5562857,3.0420044,greengrocer,,,,
Frutas y verduras Ordizia,43.334184,-1.7897938,greengrocer,,,,
Supermercado Larreaundi,43.3346963,-1.789075,supermarket,,,,
Euskofrutak,43.3393385,-1.7834986,greengrocer,,,,
Supermercat Sole,42.4035965,3.1491317,supermarket,,"08:00-13:00,17:00-20:00",http://www.supermercatsole.com/ca/,+34 972 38 90 31
Dumboa,43.340389,-1.7835974,greengrocer,,,,
Primaprix,43.3406933,-1.7926025,convenience,,,,
Frutería Kukumiku,43.339676,-1.7952658,greengrocer,,,,
Goxofrutak,43.3404879,-1.7953813,greengrocer,,,,
Carrefour Express,43.3370571,-1.780928,convenience,Carrefour Express,,,
Carrefour Express,43.3388829,-1.7979438,convenience,Carrefour Express,,,
Kiosko Ensanche,43.3403332,-1.7935393,kiosk,,,,
,43.3408852,-1.796171,kiosk,,,,
Hospicerie,42.5884402,1.7984731,convenience,,,,
Super Adarra,43.3230415,-1.974907,greengrocer,,Mo-Fr 08:30-20:30; Sa 08:30-14:00; Su 10:00-14:00,,
,43.322344,-1.9740885,greengrocer,,,,
Iparragirre,43.3222616,-1.9753746,convenience,,,,
,43.1088223,-1.2829726,convenience,,,,
,43.0931284,-1.3011481,convenience,,,,
,42.9772933,-0.7444567,supermarket,,,,
Frutas Dumboa,43.3387208,-1.7956787,convenience,,,,
Super Pollo,43.3383143,-1.7960396,convenience,,,,
Vival,42.7902195,0.4462124,convenience,Vival,,,
Sherpa Supermarché Peyragudes,42.7941704,0.4421857,supermarket,,"Mo-Su 08:30-12:45, 15:45-19:30",,+33 5 62 39 83 73
Frutería F. Solís,43.338113,-1.7962826,greengrocer,,,,
Aliprox,43.3410375,-1.7994048,supermarket,,,,
,43.3415267,-1.7988132,greengrocer,,,,
Rafa Aceitunas y encurt.,43.3418729,-1.7986742,convenience,,,,
Dia,42.4655197,1.4913109,supermarket,Dia,09:00-21:00,,
Netto,43.0002871,-0.0955296,supermarket,Netto,"Mo-Sa 09:00-12:30,14:30-19:30; Su 09:00-12:00",https://magasin.netto.fr/237-netto-argeles-gazost,
Vival,43.0977618,-0.8192054,convenience,Vival,,,
Carrefour Montagne,42.8172594,0.3223264,convenience,Carrefour Montagne,Mo-Sa 08:00-21:00; Su 09:00-21:00,https://www.carrefour.fr/magasin/montagne-saint-lary-soulan,+33562401247
Le Petit Casino,42.8163693,0.3214202,convenience,Le Petit Casino,"Tu-Su 09:30-12:30,16:00-20:00",https://magasins.petitcasino.fr/fr/petit-casino-saint-lary-soulan,+33 5 62 39 55 03
Carrefour Express,42.9211583,1.031392,convenience,Carrefour Express,Mo-Sa 08:00-20:00; Su 09:00-13:00; PH 09:00-13:00,https://www.carrefour.fr/magasin/express-castillon-en-couserans,+33 5 34 14 01 53
Supermercado Camping Pineta,42.6515124,0.1404144,convenience,,"08:00-21:00; Tu,We 08:00-14:00,17:00-20:00",,
,43.2617325,-1.225472,convenience,,,,
Covirán,42.720304,-1.0029106,supermarket,Covirán,,,
Erletxo,42.9050401,-1.0909856,convenience,,,,
,42.8619979,-0.9226591,kiosk,,,,
Supermercado Abós,42.628297,-0.3209388,supermarket,,"Mo-Sa 09:00-14:00,17:30-20:30; Su 09:00-14:00",,
Coaliment,42.6299805,-0.3263234,supermarket,Coaliment,"Mo-Su,PH 08:30-22:30",,
Alimentación Toñi,43.3099288,-1.9093474,convenience,,,,
Casa Rural Alimentacion Bodega,42.7168268,-0.5257781,convenience,,,,
Aliprox,42.7528161,-0.515046,supermarket,,,,
Mi Alcampo,42.7724133,-0.3304814,supermarket,,Mo-Su 09:00-20:30,,+34 974 48 82 78
Carrefour City,42.5661311,1.598642,supermarket,Caprabo,Mo-Sa 09:00-21:00; Su 09:00-15:00; PH closed; Su 16:30-20:00,,
BM,43.3411709,-1.8019369,supermarket,BM,,,
Mi Alcampo,42.7354472,-0.313042,supermarket,Alcampo,"Mo-Su 09:00-13:45,16:15-19:30",,+34 974 45 75 99
Ravessany,42.504446,0.8005098,convenience,,,,
Coaliment,42.7238261,-0.2826075,supermarket,Coaliment,Mo-Su 08:00-22:30; PH 08:00-22:30,,
Benta Peio,43.1170096,-1.2708082,supermarket,,,,
Monina,43.3580946,-1.7758648,convenience,,,,
Hendaiakoop,43.3581286,-1.7757122,convenience,,,,
Eroski City,43.2812697,-1.9475622,supermarket,Eroski,,,
Proxi,43.3712451,-1.7843341,convenience,Proxi,,,
BM,43.3158746,-1.9021454,supermarket,BM,,,
Dia,43.3150501,-1.9399673,supermarket,Dia,,,
BM,43.3141173,-1.9397367,supermarket,BM,,,
,42.4275922,2.8680474,supermarket,,,,
Elika,43.3402082,-1.447395,convenience,,,https://elika-espelette.jimdofree.com/,
Intermarché Contact,43.1830825,-1.3356029,convenience,Intermarché Contact,"Mo-Th 09:00-12:50,14:30-19:20; Fr-Sa 09:00-19:20",,+33 5 59 37 48 48
BM,43.339002,-1.7809234,supermarket,BM,Mo-Sa 09:30-21:30,,
,42.9410894,-0.177884,convenience,,,,
Epicerie du Cambre,42.4945137,2.1189775,convenience,,"Mo-Sa 07:30-12:30, 16:30-19:30; Su 07:30-12:30",,
Andora,42.546397,1.5218296,supermarket,,,,
Dia,42.4155997,1.1320827,supermarket,Dia,Mo-Sa 09:00-21:00; Su 09:30-14:30,https://www.dia.es,
,42.4449566,1.1353732,convenience,,,,
,42.2927563,3.2831928,convenience,,,,
Vival,43.3835012,-1.6676775,convenience,Vival,Mo-Su 08:00-21:00,https://magasins.vival.fr/fr/vival-ciboure,+33 5 59 47 13 55
Bureau D’animation,42.9728696,-0.3934023,convenience,,,,
,43.014598,-0.8542152,convenience,,,,
Alimentation Paris,43.1668314,-1.2373897,convenience,,,,
Spar,42.4563907,2.635893,convenience,Spar,"Mo-Th 07:30-12:30, 14:00-19:30; Fr, Sa 07:30-19:30; Su 07:30-12:30",https://magasins.spar.fr/fr/s/spar-arles-sur-tech,+33 4 68 39 25 34
Mercadona,42.2711615,3.1439958,supermarket,Mercadona,Mo-Sa 09:00-21:00,https://www.mercadona.es,
Ca la Mama,42.2664002,3.1631714,convenience,,"Mo-Su,PH 08:00-13:30,16:00-18:00",,
Nerea,42.3264891,3.0942851,convenience,,,,
Marisol Janaridenda,43.1638519,-1.6694666,convenience,,,,
Express,43.3246698,-1.9741208,convenience,,,,
Frutería,43.3233967,-1.9700822,greengrocer,,Mo-Fr 08:00-19:00; Sa 09:00-13:30,,
San Ignacio,43.3237299,-1.9739055,convenience,,,,
Dia,42.6295078,-0.322346,supermarket,Dia,Mo-Sa 09:00-21:00,,
BonÀrea,42.5062496,1.5293281,supermarket,BonÀrea,,,
Plusfresc,42.6240855,1.1233466,supermarket,Plusfresc,,https://www.plusfresc.cat/,
la Torrassa - Carrefour Express,42.5771484,1.1392296,supermarket,,,,
Alimentación Barés,42.8096112,0.7112366,convenience,,,,
Llibreria-Papereria,42.8092214,0.7110935,kiosk,,,,
Aran de Terra,42.8106941,0.7115902,convenience,,,,
Rocard,42.814896,0.7099294,convenience,,,,
Sherpa,42.813386,0.296582,convenience,,,,
Sherpa,42.8131594,0.2944418,convenience,,,,
Eroski,43.3436472,-1.7993484,supermarket,Eroski,,,
BM,43.3166777,-1.9172173,supermarket,BM,,,
La ferme Lloses,42.5038665,2.0395511,convenience,,,,
,42.2633141,3.1524652,kiosk,,,,
Spar,42.7828741,0.6027694,convenience,Spar,"Mo-Tu 07:00-13:30,16:00-20:00; Th-Fr 07:00-13:30,16:00-20:00; Sa 07:00-12:30,16:00-20:00; Su 08:00-12:30",https://magasins.spar.fr/fr/s/spar-saint-mamet,+33 5 61 79 03 76
Casino Shop,43.3885398,-1.6584609,convenience,Casino Shop,,,
Simply Basic,42.6049705,0.5227327,convenience,Simply Market,,,
Vival,43.3963652,-1.6579333,convenience,Vival,,,
Chez Lopez,43.3939825,-1.6496165,greengrocer,,,,
Vival,42.4038501,2.4786026,convenience,Vival,"Mo 07:30-19:30; Tu-Sa 07:30-12:30,15:30-19:30; Su 08:00-13:00",https://vival.casino.fr/stores/tt989,+33 4 68 82 98 42
Peio,43.3433398,-1.7594395,supermarket,,,,
,43.1311906,-1.5472313,convenience,,,,
Xiberua,43.3605603,-1.3992379,greengrocer,,"Mo-We,Fr,Sa 07:30-13:00,15:00-19:00; Th 07:30-13:00; Su 08:30-13:00",,+33559297054
Etxe Peïo,43.360458,-1.399161,convenience,,Mo-Su 10:00-19:00,https://etxepeio.com,
Naturalia,43.3625702,-1.4017892,supermarket,Naturalia,"Tu-Sa 09:30-12:30,15:00-19:00",,+33981109181
Express,42.4960731,1.4995659,supermarket,,,,
Eco Supermacats,42.5050486,1.5147417,supermarket,,"Mo-Fr 08:30-14:00,16:00-20:30; Sa 08:30-14:00,16:00-21:00; Su 08:30-14:00,16:00-20:00",,
Andorra 2000,42.5057141,1.5291971,supermarket,,,,
,42.5970015,-0.1311847,supermarket,,,,
Epicerie Vival,43.0952405,-0.7182205,convenience,Vival,"Tu-Sa 08:00-12:00,14:00-19:00; Su 17:00-19:30",,
,43.384572,-1.667046,convenience,,,,
Todo-Todo,43.316873,-1.9187936,supermarket,,,,
L'Épicerie,42.9997966,-0.6010422,convenience,,"Mo-Sa 09:00-12:10,15:00-20:00; Su,PH 09:00-12:30",,
,42.5360825,1.5821345,supermarket,,,,
,43.3405446,-1.4734541,convenience,,,,
Le Comptoir du Pêcheur,43.3866135,-1.6636665,convenience,,,,
Carrefour,42.8727965,-0.0036331,supermarket,Carrefour,Mo-Sa 08:00-20:00; Su 08:00-13:00,,+33 6 42 17 96 61
Comestibles Adrián,43.3366952,-1.8002598,convenience,,,,
Carrefour Express,42.5434056,2.9200046,convenience,Carrefour Express,Mo-Sa 07:00-20:00; Su 07:30-20:00,https://www.carrefour.fr/magasin/express-saint-genis-des-fontaines,+33 4 68 87 20 76
Le Petit Casino,42.8641637,1.2011979,convenience,Le Petit Casino,Mo-Sa 08:00-19:00; Su 08:00-12:30,,
Épicerie du Chateau,42.8643769,1.201081,convenience,,"Mo-We, Fr-Sa 09:00-12:15,15:30-19:00; Su 08:30-12-15",,+33 5 61 04 97 32
Comercio Marcilla,42.8605849,-0.9249833,convenience,,,,
Supermercado Mazcaray,42.6620417,0.2088582,supermarket,,10:00-20:00,,
Eurospar,42.57921,2.0740674,supermarket,Spar,,,
Ona'ta Bio,43.3363299,-1.4046193,convenience,,,https://onata-bio.business.site/,+33559938564
Euskal Vrak,43.3440842,-1.5283751,convenience,,Mo-Sa 07:00-19:30; We 07:00-13:00; Su 08:00-13:00,,
Les Potagers Bio,42.5481113,2.9418182,supermarket,,,,
Proxi,42.6142914,2.1026613,convenience,Proxi,"Mo-Fr 08:00-12:45, 15:30-19:30; Sa 08:00-13:00, 15:30-19:30; Su 08:00-12:45",,
Vival,42.6131539,2.1040554,convenience,Vival,07:00-19:30,https://vival.casino.fr/stores/e2754,+33 4 68 30 19 62
,43.2555252,-1.0708651,convenience,,,,
Vival,43.1652257,-1.1944445,convenience,Vival,"Tu-Sa 08:45-12:30, 16:00-19:15; Su 08:45-12:30",,
Spar,43.3462385,-1.6220595,supermarket,Spar,,,
La Terrasse du Sud,42.3608706,2.5193174,convenience,,Mo-Su 09:30-19:00,,+33 6 62 87 31 38
Vival,42.7329512,-0.0096002,convenience,Vival,Mo-Su 09:00-19:00 Closed Tues & Wed,https://magasins.vival.fr/fr/vival-gavarnie,+33 5 62 92 46 08
Vival,43.1161348,-0.8631913,convenience,Vival,,,
BonÀrea,42.5434038,1.5169972,supermarket,BonÀrea,,,
Vival,42.8970068,0.0652655,convenience,Vival,"Mo-We 08:30-13:00,15:00-19:30; Th 08:30-13:00; Fr-Sa 08:30-13:00,15:00-19:30; Su 08:30-13:00",https://magasins.vival.fr/fr/vival-bareges,+33 6 68 55 90 68
CENTRAL III,42.5424683,1.7328958,supermarket,,,,
PETIT PREU,42.5430107,1.733519,supermarket,,,,
Carrefour,42.542405,1.7345185,supermarket,Carrefour,"Mo-Fr 08:30-20:30; Su 08:30-14:00,16:30-20:00",,
Dia,43.324244,-1.9312958,supermarket,Dia,Mo-Sa 09:00-21:00,,
,43.3307629,-1.8184124,convenience,,,,
Covirán,43.3213034,-1.9394643,supermarket,Covirán,,,
Intermarché,42.9919491,-0.4230031,supermarket,Intermarché,Mo-Sa 09:00-19:00,,
La Cardincha,42.6050201,0.5231704,convenience,,,,
Épicerie du quartier,42.4784992,3.126179,greengrocer,,"Mo-Fr 08:30-12:30,16:00-19:00; Sa 08:30-12:30",,
,43.3665314,-1.7933742,supermarket,,,,
,42.501398,2.7579139,supermarket,,,,
Proxi,42.4734185,2.6688641,convenience,Proxi,,,+33 9 65 22 16 09
Au Marché de l'impératrice,42.9718922,-0.3914912,convenience,,,,
ViBio Productes Ecològics,42.3635456,3.152843,convenience,,,,
Benta Peio,43.2841536,-1.5066074,supermarket,,,,
,42.619254,-0.3041177,convenience,,"Mo-Fr 08:00-14:00, 17:00-21:30",,
La Vie Claire,43.3480526,-1.7708754,supermarket,La Vie Claire,"Tu-Fr 09:15-13:00,14:30-19:00; Sa 09:15-13:00",https://www.lavieclaire.com/magasin-bio/hendaye.html,+33 5 59 20 47 71
,42.5018323,1.5154038,convenience,,,,
Bonpreu,42.2596771,3.182082,supermarket,Bonpreu,Mo-Sa 09:00-21:00,https://www.bonpreuesclat.cat/#,
Carrefour,42.2608973,3.1799132,convenience,Carrefour,Mo-Su 08:30-21:30,https://www.carrefour.es/tiendas-carrefour/supermercados/carrefour-express/cap-de-norfeu-gerona-s.aspx,
La Laiterie,42.4490205,2.0270102,convenience,,"Mo-Sa 09:30-12:30, 15:00-19:00; Su 09:30-12:30",,+33 4 68 04 94 71
E. Leclerc,42.5088743,1.532163,supermarket,,,,
Valvi,42.3670748,3.156225,supermarket,,,,
Superspar,43.3160788,-1.9714247,supermarket,Superspar,,,
Chez Gloria & Andres (Fruit et Legumes),42.5309302,2.9530811,greengrocer,,"Tu-Su 08:00-12:30, 16:00-19:00",,+33786488432
Azoka,43.3166454,-1.917091,supermarket,,,,
Manuel Ansa Huarte,43.1704923,-1.8651516,convenience,,,,
Superette Casino Argelès,43.0064333,-0.1001316,convenience,Casino,"Tu-Sa 08:30-12:30,15:30-19:30; Su 09:00-12:00",,+33 5 62 97 01 28
L'un n'empêche pas l'autre,43.0059875,-0.1002268,greengrocer,,"Mo-Sa 08:45-12:00, Mo,Tu,Th-Sa 15:30-18:00",,+335 62 90 39 86
Supermercado Unico,43.3331895,-1.7903648,supermarket,,,,
Eroski,43.1315968,-1.6740826,supermarket,Eroski,,,
Suma,43.1322844,-1.6717751,supermarket,Suma,,,
,42.5267712,2.1222335,convenience,,,,+33 4 68 04 29 31
,42.4762168,2.1022132,convenience,,,,
Txolarre,43.3085784,-1.8878881,convenience,,,,
Comerç les Bons,42.5376928,1.5865377,supermarket,,,,
Casino,42.7898047,0.5915561,supermarket,Casino,"Mo 07:45-12:45,15:00-18:00; Tu-Sa 07:45-12:45,15:45-19:45; Su 07:45-12:45",,+33561790316
Vinaigrerie La Guinelle,42.4822373,3.1278025,convenience,,"Mo-Su 09:30-12:30, 15:00-19:00",http://www.levinaigre.com,
L'Echoppe Du Montagnard,42.7796342,1.3006864,convenience,,,,+33 5 61 04 95 15
Todotodo Spar,43.3111459,-1.9659191,supermarket,Spar,,,
Eroski City,43.2923628,-1.8551724,supermarket,Eroski,,,
Spar,43.3120816,-1.5818408,supermarket,Spar,"Su 09:00-12:30; Mo-Sa 08:30-14:00,16:00-19:30",,
Alison,43.3087116,-1.9671021,convenience,,,,
Supermercado Alto Aragón,42.6813674,-0.5357443,supermarket,,,,
Auberge de Py,42.4955948,2.350824,convenience,,,,
Frutería,43.2669475,-1.9746312,greengrocer,,,,
Consciència,42.5082224,1.520737,convenience,,,https://www.conscienciaorganic.com/,
de bon Gra,42.5071708,1.5294413,convenience,,"Mo-Sa 10:00-14:00,16:00-20:00",https://debongra.com/,+376 816 868
Lurreko,43.2665588,-1.9756197,supermarket,,,,
Urkia Frutadenda,43.2664952,-1.9756598,greengrocer,,,,
Isu,43.2691819,-1.9740509,greengrocer,,,,
Ezkerro,43.2691303,-1.9752467,greengrocer,,,,
ECO,42.5360336,1.5820588,supermarket,,,,
Caprabo,42.5066868,1.5234295,supermarket,Caprabo,Mo-Sa 09:30-21:00; Su 09:00-20:00,,
Venta Biok,43.3097356,-1.6876271,supermarket,,,,
Casa Domingo,42.6278855,-0.1121382,supermarket,,,,
,42.7736809,-0.360204,supermarket,,,,
Domaine Saque,42.4916391,2.7434227,greengrocer,,,,
Monoprix,43.3904153,-1.6577724,supermarket,Monoprix,Mo-Sa 09:00-19:30,https://www.monoprix.fr/820.html,+33 5 59 26 18 62
El Estanco,42.7564053,-0.8286621,convenience,,,,
Fruteria del Monte,43.3398999,-1.7955467,greengrocer,,,,
Gourmandises montagnardes,42.8162772,0.3215202,convenience,,,,
La Pitchouli,42.8164496,0.3215403,convenience,,,,
Tania,43.2794614,-1.6883271,supermarket,,,,
El Corral Bio,42.7718563,-0.3327517,convenience,,,,
,42.466766,2.5795317,convenience,,,,
Le Petit Gourmand,42.5081439,2.1218272,convenience,,"Mo-We,Fr-Sa 08:00-12:15,15:00-19:00; Su 08:00-12:15",,+33 4 68 04 26 40
Solans,42.6349505,0.2183254,supermarket,Spar,,,+34 974 501 160
Mazcaray Supermercado,42.633717,0.2185764,supermarket,,"10:00-13:30,15:00-20:00",,
Carrefour Express,42.7001055,0.8626844,convenience,Carrefour Express,,,
Denda,42.9454664,-1.2656947,convenience,,,,
Todotodo,43.325563,-1.9712304,convenience,,,,
,43.2951743,-1.9545121,convenience,,,,
Ugari,43.2818763,-1.6825307,supermarket,,,,
Proxi,42.9568669,-0.2112968,convenience,Proxi,"Mo-Sa 08:00-20:00; Su 08:00-13:00,15:30-19:00",,+33 5 62 97 47 14
Au Petit Panier,42.44279,3.1664349,convenience,,"We-Sa 08:30-12:30, 16:30-19:30; Su-Mo 08:30-12:30; Tu 16:30-19:30",,+33 6 26 19 48 90
Casino shop,42.4414283,3.1648913,convenience,,"Mo-Sa 08:00-12:30, 15:00-19:00; Su 08:00-12:30",,
Dia Market,43.1304669,-1.6706813,supermarket,Dia Market,,,
El Buc,42.4200694,2.8726113,supermarket,,,,
,42.4199395,2.8712248,supermarket,,,,
Covirán,43.1708393,-1.8636852,supermarket,Covirán,,,
La casa de la fruta,43.3166224,-1.9728756,greengrocer,,,,
Covirán,43.3229252,-1.9756202,supermarket,Covirán,,,
Barazki denda,43.3233148,-1.9756832,greengrocer,,,,
Supermercado Daniel,43.3037288,-1.9770214,convenience,,,,
Merk&To,43.3042783,-1.9759995,convenience,,,,
Zubitxo,43.3104155,-1.9715908,greengrocer,,,,
Biok 37,43.3112061,-1.6906096,supermarket,,,,
Benta Gorria,43.3096128,-1.6841331,supermarket,,,,
Benta Peio,43.3098744,-1.6879767,supermarket,,,,
Benta Peio 2,43.3099251,-1.6882127,supermarket,,,,
La Venta Des Pottoks,43.310335,-1.6879847,supermarket,,,,
Benta Biok,43.3103647,-1.6892829,supermarket,,"Mo-Su,PH 08:00-19:00",,
Beola Etxea,43.3105257,-1.6896651,supermarket,,,,
Benta Peio 3,43.3108595,-1.6895967,supermarket,,,,
Aguirre,43.3108946,-1.6898247,supermarket,,,,
Benta Manolo,43.3107453,-1.68994,supermarket,,,,
Dia Market,43.2478397,-1.7047032,supermarket,Dia Market,,,
Bortziri,43.2467857,-1.7106357,supermarket,,,,
Apezenea Denda,43.1968111,-1.7260124,convenience,,,,+34 948 63 41 56
Jaione Vergara Almandoz,43.1954894,-1.7259961,convenience,,,,+34 948 63 42 62
Eztika,43.1611456,-1.2389551,convenience,,"Mo 09:00-13:00; Tu-Sa 09:00-13:00, 15:00-19:00",,
sherpa,42.908806,0.1675453,convenience,,7:30-20:00,,
PROXIM supermercats,42.262981,3.177622,supermarket,,,,
Fran per,42.5421984,1.7324737,supermarket,,,,
Hiper pas,42.5422262,1.7326016,supermarket,,,,
Hiper pas,42.5423243,1.7321299,supermarket,,,,
,42.509005,1.5435878,convenience,,,,
E.Leclerc Express,42.5091958,1.5408665,supermarket,,Mo-Fr 08:30-21:00; Sa 09:00-21:00; Su 09:30-19:00,,
,42.5417783,1.7325436,supermarket,,,,
BM,43.3634531,-1.7988304,supermarket,BM,,,
Les Délices de Céline,42.9885539,-0.4266388,convenience,,,,
Producteur de conserves gastronomiques,43.006067,-0.1003912,convenience,,,,
Dupouy fruits et légumes,42.8743616,-0.0035555,greengrocer,,,,+33 5 62 92 85 64;+33 6 07 89 36 62
Le Panier de la Marmotte,42.8896946,-0.1151141,convenience,,"Mo,We-Sa 09:00-13:00,16:00-19:30; Tu off; Su 09:00-13:00; SH Mo-Su 09:00-20:00",https://lepanierdelamarmotte-65.fr/,+33 6 08 10 64 53
Elordi Janaridenda,43.2977265,-1.8630731,convenience,,,,+34652731025
Oriargi janari denda,43.297378,-1.858339,convenience,,,,
Belutene janari denda,43.2969407,-1.8580641,convenience,,,,
Marisol janari denda,43.2995873,-1.8611594,convenience,,,,
Oskorri Liburudenda,43.1374617,-1.6106903,supermarket,,,,
Mermeladas Irular,43.1308245,-1.5469774,general,,,,
Maderas Legate S.L.,43.1331064,-1.5524824,general,,,,
Benta Peio,43.1182127,-1.2706593,supermarket,,,,
Benta Biok,43.1174452,-1.2708524,supermarket,,,,
Simply Market,43.1396441,-1.5734433,supermarket,Simply Market,,,
UTS Diseinua,43.2655753,-1.9757548,general,,,,
Hernani,43.266394,-1.9768114,greengrocer,,,,
Frutategia Barazki Denda Alomentacion,43.3136242,-1.8994738,greengrocer,,,,
Biosud 66,42.5013937,2.7607922,supermarket,,,,+33 4 68 22 01 29
Ze Goxoa,43.1321398,-1.6738897,greengrocer,,,,
Épicerie des Chalets d'Iraty,43.0364943,-1.0352724,convenience,,"Jul 01-Aug 31 08:15-19:00; Sep 01-Jun 30 08:15-12:00,13:30-17:30",http://chalets-iraty.com/presentation/la-boutique-epicerie-des-chalets/,
Vival,43.3887448,-1.6481891,convenience,Vival,,,
Loustalot,43.3872771,-1.6617449,greengrocer,,,,
Vival,43.3960936,-1.6467634,convenience,Vival,"Mo-Fr 07:30-20:00; Sa,Su 08:00-20:00",https://www.vival.fr/,+33 5 59 85 54 32
Spar,43.3805969,-1.6642853,supermarket,Spar,"Tu-Sa 08:00-13:00,16:00-19:30; Su 08:00-13:00",,+33 5 59 47 20 52
Alto Aragón,42.7383582,-0.7497957,supermarket,,,,
Venta BIOK,43.1171167,-1.2714611,supermarket,,,,
Eroski City,43.3206524,-1.9004675,supermarket,Eroski,,,
La Voliaina,42.5755879,1.0883473,convenience,,Mo-Sa 08:00-20:00; Su 08:00-14:00,,
Arán Fruits,42.7050434,0.7956532,greengrocer,,,,
Oreka Market,43.3039087,-1.9593379,supermarket,,,,
S. Picart,42.2333816,2.6322766,supermarket,,"Mo-Sa 09:00-13:30, 17:00-20:30",,
UniMarché,43.1157464,-0.862792,convenience,,,,
Carrefour City,42.5255795,3.0827049,convenience,Carrefour City,Mo-Sa 07:00-21:00; Su 08:00-20:00,https://www.carrefour.fr/magasin/city-collioure,+33 4 68 82 26 04
Bio Gourmand,42.5250182,3.0826557,convenience,,"Mo-Su 10:00-13:00, 16:00-19:45",,+33686804939
L' épicerie du Racou,42.5360055,3.0566607,convenience,,"Mo-Fr 08:00-12:30; We off; PH,Sa,Su 08:00-12:30,15:00-19:00",,
Zelaia,43.317661,-1.9696305,greengrocer,,,,
,43.3175413,-1.969477,greengrocer,,,,
Super Adarra,43.317978,-1.9689491,convenience,,,,
Le Terrier,42.9574795,-0.3322716,general,,,,
Ama Lur,43.3391862,-1.4473891,supermarket,,,,
Ze goxoa,43.2813506,-1.6822872,greengrocer,,,,
Irene,43.2816092,-1.6801728,kiosk,,,,
Purienea,43.2816855,-1.6792449,kiosk,,,,
Oroz,43.2817017,-1.6787845,supermarket,,,,
Zurera,43.2799525,-1.6863908,supermarket,,,,
Telletxea,43.2750242,-1.6880532,supermarket,,,,
La Gare des Vals,42.6595788,1.8371329,convenience,,"Mo-Sa 08:00-12:00,15:30-18:00; We off",,
Supermercat Beneria,42.5216971,0.8346884,convenience,,"Mo-Sa 08:30-13:30,17:00-20:30; Su,PH 08:30-23:00,18:30-19:30",,
L'air du pays,43.306725,-1.4986566,convenience,,,,
Spar,42.5768201,2.070493,convenience,Spar,,,
Proxi,42.5781051,2.0722788,convenience,Proxi,"Su 08:30-13:00; Mo-Sa 08:30-13:00,15:30-19:30",,
Trady's Surpermerkatuak,43.2338336,-1.6361642,supermarket,,,,
Petite Epicerie du Village Angaka,42.7249412,1.6926159,convenience,,,,
Carrefour Express,42.9447099,-1.2641348,convenience,Carrefour Express,Mo-Sa 08:00-21:00; Su 08:00-14:00,,
Biocoop,42.4862012,2.7476444,supermarket,Biocoop,"Mo 15:00-19:00; Tu-Fr 09:00-13:00, 15:00-19:00; Sa 09:00-19:00",https://www.biocooplacoupole.fr,
Vival,42.4863814,2.7475786,convenience,Vival,"Tu-Su 10:00-13:00,16:30-19:30",,
Udaco,42.8607939,-0.9231789,supermarket,,,,
Suma Express,42.5901746,0.3464565,supermarket,Suma,,,+34974506210
Supermercado Casa Fantova,42.5803975,0.3359888,convenience,,,,
,42.3977936,1.1375658,supermarket,,,,
,42.3200155,2.7899654,supermarket,,,,
Petit Mercat de Canillo,42.5658493,1.5979435,supermarket,,"Mo-Sa 08:30-14:00, 16:45-20:00; Su 08:30-14:00",,+376 744 888
Carrefour Contact,42.5458684,3.0239422,convenience,Carrefour Contact,"Mo-Sa 08:00-20:00; Su 08:00-13:00,15:00-19:00",https://www.carrefour.fr/magasin/city-argeles-sur-mer,+33 4 68 81 07 89
ALDI,43.3199907,-1.9599369,supermarket,ALDI,Mo-Sa 09:30-21:30,,
,42.3067943,2.7078505,convenience,,,,
Etxea,43.1625119,-1.2374925,convenience,,,http://baron-espeleta.fr/,+33 5 24 34 12 52
Larrunkoop,43.3627604,-1.6987771,convenience,,,,
Carnisseria,42.6434907,1.2566561,convenience,,,,
Relai des Mousquetaires,43.1618031,-1.2376029,convenience,,,,+33 5 59 37 02 55
Artatxiki Biogunea,43.3204916,-1.9539593,greengrocer,,Mo-Sa 10:30-20:00,https://saretuz.eus/es/alternativas-de-consumo/artatxiki-biogune-elkartea/,
Supermarcat Solimar,42.2637785,3.1558527,supermarket,,,,
Vival El Petit Mercat,42.5265597,2.903738,convenience,Vival,,,
Benjamín,42.7833759,0.6917926,supermarket,,"Mo-Su 09:30-13:00, 14:30-19:00",https://supermercatbenjamin.com,+34 973 64 82 42
Carrefour Express,43.2216695,-2.0212703,convenience,Carrefour Express,"Mo-Fr 09:00-21:00; Sa,Su 09:00-14:00",,+34 914908900
Supermercat Pirineu,42.576547,1.668271,convenience,,,,
,42.3709731,3.1630472,supermarket,,,,
Les Comptoirs De La Bio,43.3595155,-1.5782511,supermarket,Les Comptoirs De La Bio,Mo-Sa 09:00-19:30,https://magasins.lescomptoirsdelabio.fr/fr/les-comptoirs-de-la-bio-saint-pee-sur-nivelle-105459,
Eroski,43.3180491,-1.9337686,supermarket,Eroski,,,
Sherpa Supermarché,42.7841395,0.1584768,supermarket,,"Jul-Aug 08:00-13:00,16:00-19:00; Dec-Apr 08:00-13:00,16:00-19:00; SH 08:30-19:00",https://www.sherpa.net/magasins/piau-engaly,+33 5 62 39 36 51
Eroski City,43.3160869,-1.9170428,supermarket,Eroski,,,
BM,43.2188825,-2.0185296,supermarket,BM,Mo-Fr 09:00-21:00; Sa 09:00-17:00,https://www.bmsupermercados.es/tienda-14068.htm,
La Boutique à Fonfon,42.4845969,2.7485862,greengrocer,,,,
Vival,42.4734153,2.6696155,convenience,Vival,"Tu-Sa 08:30-13:00,15:00-19:00; Su 08:30-12:30; Mo off",https://magasins.vival.fr/fr/s/vival-amelie-les-bains-palalda,+33 4 68 98 11 63
Colmado Lafortuna,42.5430131,0.1942781,convenience,,,,
Supermercat Carles,42.6269292,1.1233536,convenience,,"Mo-Su 10:00-13:30, 18:00-20:00",,
Bonjour,42.5658836,1.5962794,convenience,Bonjour,,,
,42.6121143,0.5274421,convenience,,,,
Carrefour express,42.4948499,2.7428758,convenience,Spar,,,
Etxe Vrac,43.3608124,-1.3988897,convenience,,"Mo 15:00-18:30; Tu-Sa 09:30-12:30,15:00-18:30",https://www.facebook.com/etxevrac/,+33 5 35 39 69 88
Quesos del Roncal Ronkari,42.7933296,-0.9620918,convenience,,Mo-Fr 08:00-19:00,,+34948475014
BM,43.3636393,-1.7946909,supermarket,BM,,https://www.bmsupermercados.es/,
Spar,42.3801032,2.7015807,supermarket,Spar,,,
Supermercados AVI,42.6060386,0.524627,supermarket,,,,
Supermercado Torla,42.6287387,-0.1122055,supermarket,,,,
Supermercat Font,42.5778524,1.6656093,convenience,,,,
Ca La Nuria,42.3751533,2.3017173,convenience,,,,
Proxi,42.5549736,2.270274,convenience,Proxi,,,
Alimentació,42.3490483,2.1631145,convenience,,,,
,42.3162528,2.1034481,convenience,,,,
Solans,42.6648896,0.2111673,supermarket,,,,
,42.6315148,-0.1070108,convenience,,,,
Vival,42.9139335,0.6928912,convenience,Vival,"Mo-Su 08:30-12:30,15:00-19:30",https://magasins.vival.fr/fr/vival-saint-beat,+33 5 61 79 40 55
Alimentació,42.8114728,0.7100159,supermarket,,,,
Bazar Riberas de Loiola,43.3102925,-1.9721086,convenience,,,,
Autoservicio Europa,42.4633,1.9823309,convenience,,,,
Gerezi,43.3144044,-1.9028998,greengrocer,,,,
Eroski City,43.3225925,-1.9130346,supermarket,Eroski,,,
BM,43.3225737,-1.9676885,supermarket,BM,,,
L'echo des montagnes,42.9186439,1.0317252,convenience,,"Mo-Sa 09:30-12:30,15:30-18:30; Tu 09:30-12:30; We off",,
Le Hors Pistes,42.788034,0.476158,convenience,,08:00-19:00,,+33 7 61 23 98 46
Condis express,42.3812271,3.1546135,supermarket,,,,
Intermarché Hyper,42.5581057,3.0096759,supermarket,Intermarché Hyper,Mo-Sa 08:30-20:00; Su 08:30-13:00,,
Intermarché Hyper Drive,42.5581928,3.0102941,supermarket,Intermarché Hyper Drive,,,
Espigon Berri,43.3153905,-1.9007967,greengrocer,,,,
FRUTERÍA ANTONIO,43.2202588,-2.0208839,greengrocer,,,,
L'Isba,42.9121431,0.7679835,convenience,,,,
Biomonde,42.4733609,2.6685966,supermarket,Biomonde,,,
Marché aux affaires,42.5479172,2.9409094,general,,,,
Caprabo,42.5462835,1.5219234,supermarket,,,,
La Marchande,42.5423258,2.9221138,greengrocer,,"Tu-Sa 08:00-12:30,16:00-19:00; Su 09:00-12:00",,+33 4 68 21 93 76
Frutas Isu,43.3146795,-1.9013549,greengrocer,,,https://frutas-isu.com/,
Supermercat La Catalane,42.4631499,2.863698,supermarket,,Mo-Su 08:00-20:00,,
Bio Des Lys,42.791071,0.5907069,convenience,,Mo-Sa 09:00-19:00,http://biodeslys.fr,+33 6 51 57 27 53
Épicerie y café,43.1011316,-0.6611381,convenience,,"Mo-Sa 09:00-13:00,16:00-19:00",,
La Bellota Azul,42.5807681,0.3388187,convenience,,,,
Comerç Babi,42.556418,1.5340339,supermarket,,Mo-Su 08:30-20:30,,+376847280
BM,43.3362295,-1.7965078,supermarket,BM,,,
,42.5497716,1.3180372,convenience,,,,
Suma,42.4962575,1.2101755,supermarket,Suma,,,
Camping Valle Añiscolo,42.5095727,0.1253804,convenience,,,,
,43.3140613,-1.9022555,convenience,,,,
Todotodo,43.3098087,-1.971532,supermarket,,,,
Dia,43.3124577,-1.9015207,supermarket,Dia,,,
La tienda de Willy,43.3163951,-1.9086538,greengrocer,,"Mo-Fr 09:00-14:00, 17:00-20:00; Sa 09:00-14:00",,+34 608 286 086
Plusfrésc de Lleida,42.7031588,0.7918699,supermarket,,,,
La Table de Serdinya,42.5680851,2.319046,convenience,,,,+33 4 68 30 02 55
Novavenda,42.2900482,3.2744488,supermarket,,Mo-Sa 08:30-20:30,,
Au Marché de Magalie,43.3745727,-1.6794989,greengrocer,,Tu-Sa 08:30-19:00,https://aumarche-magalie.fr/,+33 5 59 23 93 30
Primaprix,43.3153517,-1.902394,supermarket,Primaprix,,,
Frutas Adarra,43.3151167,-1.9031963,greengrocer,,,,
Covirán,43.3156121,-1.9030425,supermarket,Covirán,,,
Aritz,43.3124942,-1.953874,greengrocer,,,,
Seppels Schlemmerladen,42.2460248,3.1111432,convenience,,,,
Du Producteur au consommateur,42.5305851,2.9567626,greengrocer,,Mar-Nov Mo-Fr 08:30-12:00,,+33673947080
Natural Bio,42.2634451,3.1781267,supermarket,,"Tu-Fr 09:00-13:30, 16:30-19:00; Sa 16:30-19:00",,
Arruti,43.3213057,-1.8984499,convenience,,,,
Condos life M,42.2897695,3.2771951,supermarket,,Mo-Sa 09:00-21:00; Su 09:00-14:30,,
Miellerie de la Rive Faite,42.8838506,1.1726741,convenience,GAEC Miel Abeilles et Cie,,,
,42.5265763,2.9037362,supermarket,,,,
,42.5387932,3.0522016,convenience,,,,
,42.4117403,1.1304009,convenience,,,,
,42.4117715,1.1304349,convenience,,,,
El Rebost del Pirineu,42.4120391,1.130727,convenience,,,,
Maison Balme,43.3874943,-1.6608413,convenience,,"Tu 09:00-14:00, We-Sa 08:00-14:00, Su 09:00-14:00",,
Supermercado Benasque,42.6031873,0.5239634,supermarket,,,,
Dia,43.3057139,-1.9771653,supermarket,Dia,,,
Casiers locaux éthiques des Albères,42.5488064,2.9234067,greengrocer,,24/7,,
Le Saint-Béat,42.9140316,0.6928711,convenience,,Mo-Su 10:00-22:00,,+33 7 84 76 20 34
Chez gg,42.7883628,0.5927711,convenience,,,,
La Casa del Jamón,42.7850166,0.6920719,general,,Mo-Su 10:30-19:00,,+34 973 64 72 12
Supermercado Madrid,42.7867356,0.6928949,supermarket,,Mo-Su 09:30-19:00,http://www.jamadrid.com/,+34 973 64 80 94
Euromercat Pablo,42.788621,0.694736,supermarket,,We-Mo 10:00-19:00,,+34 973 64 70 19
Super Mercat,42.7843591,0.6923898,supermarket,,Mo-Su 08:30-23:00,,
Mlle Flor,42.873157,-0.0036252,convenience,,,,
Ets Dupouy,42.8741287,-0.0034871,greengrocer,,,,
,42.5690783,1.1098532,convenience,,,,
Era Plaza,42.7854409,0.6917566,convenience,,Mo-Sa 09:00-13:30; Mo-Sa 17:00-20:00; Su 09:00-13:00,,
Les Halles,42.5464878,2.3900016,convenience,,,,
Eroski City,43.3025365,-1.9798688,supermarket,Eroski,,,
Azokoop denda,42.8993606,-1.3886267,convenience,,,,
Día,42.3625927,3.15424,supermarket,,Mo-Sa 09:00-21:00; Su 09:00-14:00,,
Spar,43.2695793,-1.9750047,convenience,Spar,,,
Ametller Origen,42.7034861,0.7935096,supermarket,,,https://www.ametllerorigen.com/,+34900877111
Ares,43.271094,-1.9759436,greengrocer,,,,
Tramuntana,42.411437,2.8756612,supermarket,,,,
Covirán,43.3219548,-1.9598504,supermarket,Covirán,,,
,42.5140533,0.8589001,supermarket,,,,
Super Mini,43.3048452,-1.9749643,greengrocer,,,,
,43.2811063,-1.6876775,convenience,,,,
Tienda Urrutea,42.7878949,-0.9227873,supermarket,,,,
Amara Berri,43.305108,-1.9776582,greengrocer,,,,
Goizeder,43.3035125,-1.9784321,greengrocer,,,,
Qmara,43.3058215,-1.9753342,greengrocer,,,,
Eroski,43.3052838,-1.9734573,supermarket,Eroski,,,
Wine Palace,42.2664916,3.1776535,supermarket,,,,
,43.3127957,-1.9379896,convenience,,,,
,43.3411724,-1.7981119,convenience,,,,
Chez Roro,42.9983779,-0.6009999,greengrocer,,,,
Pixuke,43.1470658,-1.5197513,convenience,,,,
Biain Jamones y Embutidos,43.2239915,-2.0201916,general,,,https://biainjamones.com/,+34 943 30 03 50
La Tienda de Julia,42.705182,-0.6712314,supermarket,,,,
Carrefour Express,43.3364664,-1.8196121,convenience,Carrefour Express,,,
Vival,42.5340875,3.0682352,convenience,Vival,"08:00-13:00,16:30-20:00",,
,42.6244318,0.5419605,convenience,,"Mo-Su 09:00-13:00,16:00-20:00",,
Adarra,43.3125821,-1.8995213,greengrocer,,,,
biocoop,42.5073279,1.5347106,supermarket,,,,
veritas,42.5080059,1.5290408,supermarket,,,,
Carrefour Express,42.5065502,1.5247442,supermarket,,24/7,,
Carrefour city,42.5093828,1.5408788,supermarket,,,,
,43.2366478,-1.99747,general,,,,
Onacook,43.3516186,-1.6886128,supermarket,,"Mo-Fr 08:00-12:30,14:00-17:00",https://www.onacook.com,+33533094815
La Cava,42.5430905,1.7344281,supermarket,,,,
,42.6243859,0.541446,supermarket,,,,
Can Cosp,42.3165302,2.1037645,convenience,,,,
Mercadona,43.3219316,-1.9417146,supermarket,Mercadona,,,
Ereñotzuko Denda,43.2427022,-1.9407202,supermarket,,"Mo-Th 09:00-13:30,17:00-20:00; Fr 09:00-13:30; Sa 09:00-14:00; Su off",,+34 943 33 32 20
,42.5639281,3.0353673,greengrocer,,,,
,42.5313296,3.0718842,convenience,,,,
,42.5872746,2.1195945,convenience,,,,
Épicerie de la guinguette,42.8681462,-0.4488777,convenience,,,,
Épicerie du Petit Lurien,42.8797193,-0.3963031,convenience,,,,
Super Mercat,42.7844097,0.6924049,supermarket,,Mo-Su 09:00-23:00,,
,43.3533079,-1.4493377,convenience,,,,
Arruti ahizpak,43.3212746,-1.8987369,convenience,,,,
Alimentación L & O,43.3230956,-1.9746104,convenience,,,,
Eroski City,43.2796233,-1.9533582,supermarket,Eroski,Mo-Sa 09:00-21:00,,+34943061515
Supermercat Biurrun,42.4634875,2.8635016,supermarket,,,,
Biok,43.2890655,-1.5047919,supermarket,,,,
Suma Supermerkat,42.2474746,3.1981285,supermarket,,,,
Record,42.5425,1.7326969,supermarket,,,,
Super U,42.4981937,2.0125714,supermarket,Super U,"Mo-Th 08:30-19:30; Fr,Sa 08:30-20:00; Su 09:00-12:00",https://www.magasins-u.com/magasin/superu-egat.m90231,
Locutorio Salento,43.325526,-1.9191477,convenience,,,,
BM,43.369503,-1.7938645,supermarket,BM,,,
Eroski City,43.3252962,-1.9255976,supermarket,Eroski,,,
Alcampo,42.7519535,-0.5152705,supermarket,Alcampo,,,
Épicerie Vitamines Chez Sonia,42.5513662,2.9711614,convenience,,"Mo-Sa 07:00-12:30,16:00-19:00",,+33 4 68 89 10 88
La maison de la Presse,42.4039737,2.4789435,general,,,,+33 4 12 05 46 95
Todotodo,43.3226916,-1.9690001,supermarket,Spar,,,
Zubitxo Janari denda,43.3214492,-1.8970831,convenience,,,,
Dia,43.3218096,-1.8954,supermarket,Dia,Mo-Sa 09:00-21:00,,
Alimentación,43.3130381,-1.8983311,convenience,,,,
Carrefour Montagne,42.8891917,-0.1141942,convenience,Carrefour Montagne,"Mo-Su,PH 08:00-21:00",,
BonÀrea,42.3643863,3.1533471,supermarket,BonÀrea,,,
Family Cash,42.447456,1.4812815,supermarket,Family Cash,Mo-Su 09:00-21:00,,+376 891 891
Proxi,42.5645109,3.0435714,convenience,Proxi,,,
Biocoop,42.9054615,0.3581865,supermarket,Biocoop,"Mo-Sa 09:30-13:00,15:00-19:00",,
Sorgintxulo,43.3162789,-1.9086622,convenience,,"Mo-Su 09:00-15:00,17:00-21:00",,+34 632 662 504
Eroski,43.31217,-1.9126387,supermarket,Eroski,,,
Carrefour,43.3147652,-1.8794153,supermarket,Carrefour,,,
Eroski,43.3080607,-1.9457577,supermarket,Eroski,,,
Carrefour Market,42.490473,2.7517153,supermarket,Carrefour Market,Mo-Sa 08:45-19:30; Su 09:00-12:30,https://www.carrefour.fr/magasin/market-ceret,+33 4 68 87 03 00
Alcampo,43.2699384,-1.9707704,supermarket,Alcampo,,,
Lidl,43.2707223,-1.9717293,supermarket,Lidl,,,
Eroski,43.3618248,-1.7938626,supermarket,Eroski,Mo-Sa 09:00-21:00,https://www.eroski.es/localizador-de-tiendas/supermercado/gipuzkoa/hondarribia/eroskicenter-hondarribi/,+34 943647020
Alcampo,43.3172927,-1.9150265,supermarket,Alcampo,,,
Coaliment,43.3101961,-1.9664209,supermarket,Coaliment,,,
ALDI,43.3081691,-1.8820119,supermarket,ALDI,,,
Carrefour Contact,42.5040235,2.0412176,supermarket,Carrefour Contact,Mo-Sa 08:00-20:00; Su 09:00-13:00,https://www.carrefour.fr/magasin/contact-font-romeu,+33 4 68 30 33 32
Lidl,42.499005,2.0131995,supermarket,Lidl,Mo-Sa 08:30-20:00; Su 08:30-12:15,https://www.lidl.fr/s/fr-FR/supermarches/egat/route-de-las-deveses-1/,
Ma Coop,42.543667,3.027158,supermarket,,,http://macoop66.fr/,+33 4 68 61 29 75
Biocoop,42.5528886,3.011483,supermarket,Biocoop,,https://www.biocoop.fr/magasins-bio/Trouver-mon-magasin-Biocoop/Occitanie2/Pyrenees-Orientales/BIOCOOP-ARGELES,
Les Comptoirs de la Bio,42.5543,3.013765,convenience,,"Mo-Th 09:00-12:30, 15:00-19:00; Fr 09:00-19:00; Sa 09:00-13:00, 14:30-19:00",https://magasins.lescomptoirsdelabio.fr/fr/les-comptoirs-de-la-bio-argelès-sur-mer-105467,
Epicerie fine catalane,42.5271324,3.0845902,convenience,,,,
ALDI,42.4814183,2.6794752,supermarket,ALDI,Mo-Sa 08:30-20:00; Su 08:30-12:30,https://www.aldi.fr/magasins-et-horaires-d-ouverture/amelie-les-bains-palalda/4-carrer-del-pardal/3436284.html,
Carrefour Market,42.515156,3.1144794,supermarket,Carrefour Market,Mo-Sa 08:30-19:30,https://www.carrefour.fr/magasin/market-port-vendres,+33 4 68 37 08 17
Lidl,42.5234059,3.1012464,supermarket,Lidl,Mo-Sa 08:30-20:00; Su 08:30-12:30,,
Carrefour Market,43.166463,-1.231895,supermarket,Carrefour Market,Mo-Sa 08:00-20:00; Su 08:00-12:45,https://www.carrefour.fr/magasin/market-saint-jean-pied-de-port,+33 5 59 37 07 01
Carrefour Market,42.5472497,2.940234,supermarket,Carrefour Market,,,
Carrefour Market,42.4761628,3.1204351,supermarket,Carrefour Market,Mo-Sa 09:00-19:30; Su 09:00-13:00,https://www.carrefour.fr/magasin/market-banyuls-sur-mer,+33 4 68 88 51 52
Biocoop,42.9054314,0.3582049,supermarket,Biocoop,"Mo-Sa 09:30-13:00, 15:00-19:00",https://arreau.biocoop.net,
Carrefour Contact,42.9038877,0.3561392,convenience,Carrefour Contact,Mo-Sa 08:00-20:00; Su 09:00-12:00,https://www.carrefour.fr/magasin/contact-arreau,+33 5 62 40 73 65
Lidl,43.1648435,-1.2425273,supermarket,Lidl,Mo-Sa 08:30-19:30,,
Carrefour Market,43.3555939,-1.774771,supermarket,Carrefour Market,Mo-Sa 08:30-19:30; Su 08:30-12:30,https://www.carrefour.fr/magasin/market-hendaye-allees,+33 5 59 20 79 79
Carrefour Market,43.3828867,-1.6565519,supermarket,Carrefour Market,Mo-Th 08:30-20:00; Fr-Sa 08:30-19:30; Su 09:00-12:30,https://www.carrefour.fr/magasin/market-saint-jean-de-luz,+33 5 59 51 85 00
Total,43.3469185,-1.7665846,convenience,TotalEnergies,24/7,https://store.totalenergies.fr/en_EN/NF038519,+33 5 59 20 75 17
Netto,43.3554658,-1.4128918,supermarket,Netto,"Mo-Sa 08:30-12:30,14:30-19:15",https://magasin.netto.fr/229-netto-cambo-les-bains,+33559557990
Intermarché,43.358992,-1.5765715,supermarket,Intermarché,"Mo-Sa 08:45-20:00, Jul-Aug: Su 08:00-12:00",,
Intermarché,43.3496036,-1.4138501,supermarket,Intermarché,,,
Intermarché,42.5563221,2.3834902,supermarket,Intermarché,"Mo-Sa 09:00-12:15,15:00-19:15; Su 09:00-12:30",,
Intermarché,43.1682711,-1.2287028,supermarket,Intermarché,,,
Supermercado Todo-todo,43.3191775,-1.9506609,supermarket,,,,
Dia,43.3340034,-1.8170087,supermarket,Dia,,,
,43.3923841,-1.7944975,convenience,,,,
Vrac&Bio,42.5000996,2.7596114,supermarket,,"Mo 14:30-19:00; Tu-Sa 09:00-12:30,14:30-19:00",https://www.vracengros.fr/,
Intermarché,42.5006894,2.7575257,supermarket,Intermarché,Mo-Sa 08:30-19:30; Su 08:30-12:30,,
Mercadona,42.2633409,3.103101,supermarket,Mercadona,Mo-Sa 09:00-21:30,https://mercadona.es,
Mercat Municipal,42.2658097,3.1763186,supermarket,,"Mo-Sa 08:00-14:00,16:30-21:00; Su 08:00-15:00",,
Carrefour Market,43.004953,-0.0873886,supermarket,Carrefour Market,Mo-Sa 08:00-20:00; Su 09:00-19:00,https://www.carrefour.fr/magasin/market-argeles-gazost,+33 5 62 97 21 89
Eroski,43.3401784,-1.7958117,supermarket,Eroski,,,
Intermarché Super,42.5151284,2.0616807,supermarket,Intermarché Super,Mo-Su 08:30-19:30,,
Supermercados Charter,42.4629378,1.9851205,supermarket,,,https://www.consum.es/,+34 972 896542
Alcampo,43.367012,-1.7953704,supermarket,Alcampo,Mo-Sa 09:00-21:00,,
Lurrarte,43.2905497,-1.9948678,greengrocer,,,https://www.lurrarte.eus/,
River,42.4544018,1.4865066,supermarket,,"Su-Th 09:00-20:00; Fr,Sa 09:00-21:00",,
Esclat,42.2566221,3.1063312,supermarket,Bonpreu,,,
,42.254803,3.1085158,kiosk,,,,
Montserrat,42.2549535,3.1081026,supermarket,Montserrat,Mo-Sa 08:30-21:00; Su 08:30-14:30,,
Monoprix,42.533044,1.5775614,supermarket,Monoprix,,,
Novavenda,42.3632136,3.1533773,supermarket,,Mo-Su 09:00-21:00,https://www.novavenda.com/botigues-novavenda/llanca-gardisso-13/,
Aldi,42.5605493,3.0074268,supermarket,Aldi,Mo-Sa 08:30-20:00; Su 08:30-12:30,https://www.aldi.fr/magasins-et-horaires-d-ouverture/argeles-sur-mer/rue-des-colverts/3435812.html,
Dendaberri,42.9936709,-1.3293328,supermarket,,,,
Urdos,42.872809,-0.554396,convenience,,"Mo-Sa 08:00-12:00,18:00-19:00; PH off; 2024 May 20 off",,+33559397359
Suma,42.2675482,3.1489801,supermarket,Suma,Mo-Su 08:00-22:00,,
Alimentation,43.0523585,-0.5997915,convenience,,,,
Casino,43.1175401,-0.86374,supermarket,Casino,,,
ALDI,42.2618631,3.103327,supermarket,ALDI,Mo-Su 09:00-21:00,https://aldi.es,
Lidl,43.3845309,-1.693411,supermarket,Lidl,,,
Eurospar,42.3621726,3.1460709,supermarket,Eurospar,,,
Super Amara,43.2301442,-2.0036908,supermarket,,,,
Vival,43.095237,-0.7182355,convenience,Vival,"Su 08:00-12:00,17:00-19:00; Tu-Sa 08:00-12:00,14:00-19:00",,
Les Délices de Céline,42.988567,-0.4266795,convenience,,Mo-Su 10:00-19:00,,
Intermarché Super,42.8090675,0.5988675,supermarket,Intermarché Super,Mo-Sa 09:00-19:30,https://www.intermarche.com,+33 5 61 79 24 00
Spar,42.2615143,3.1760484,supermarket,Spar,,,
Lidl,42.2560444,3.1067995,supermarket,Lidl,Mo-Fr 09:00-21:30,,
Venta Sancho,42.8041617,-0.4187412,supermarket,,,,
Venta Petruso,42.8049186,-0.4183164,supermarket,,,,
Venta Portalet,42.8048261,-0.417873,supermarket,,,,
Casa Domec,42.8048683,-0.4172573,supermarket,,,,
Venta Anayet,42.8054258,-0.4181784,supermarket,,,,
Intermarché Contact,43.1231695,-0.724607,convenience,Intermarché Contact,"Mo-Th 09:00-12:15,15:00-19:00; Fr-Sa 09:00-12:15,14:00-19:00; Su 09:00-12:00",,
Caprabo,42.2667732,3.1764383,supermarket,Caprabo,,,
Condis,42.2653394,3.1794269,supermarket,Condis,,,
Lidl,42.5457795,3.031176,supermarket,Lidl,,,
Lidl,42.4945867,2.7245333,supermarket,Lidl,Mo-Sa 08:30-20:00; Su 08:30-12:30,https://www.lidl.fr/s/fr-FR/supermarches/reynes/lieu-dit-la-cabanasse-115/,
,42.4176567,2.8729799,convenience,,,,
,42.4282805,2.8669456,supermarket,,,,
Caves Manacor,42.5791959,1.6420006,supermarket,,,,
Alcampo,43.2779461,-1.9536563,supermarket,Alcampo,Mo-Sa 09:00-21:00,,
Repsol,42.6303196,-0.326852,convenience,Repsol,"Mo-Su,PH 08:00-22:00",,
Chez Domi,42.57914,2.427259,kiosk,,"Tu-Sa 08:30-12:30, Su 08:30-12:30, Th-Sa 16:30-19:30",,
,42.6612574,0.209609,convenience,,,,
8 à Huit,42.3856334,2.6123041,supermarket,8 à Huit,"Mo-Sa 08:00-13:00, 15:00-20:00; Su 09:00-12:30",https://8-a-huit-saint-laurent-de-cerdans.edan.io/,+33 4 68 39 53 80;+33 9 71 29 53 80
Carrefour,42.2712332,3.1505422,supermarket,Carrefour,"Mo-Sa,PH 08:30-21:00",,
Alimentation,43.0976163,-1.4267907,convenience,,,,
Altxuko Denda Janari-denda - Supermercado,43.1801353,-1.4557625,convenience,,,,
Ventas de Behobia,43.342675,-1.7614686,supermarket,,,,
Intermarché,42.9769856,-0.6053223,supermarket,Intermarché,"Mo-Sa 09:00-12:15,15:00-19:00; Su 09:00-12:00",,
Mercadona,43.3190002,-1.8669165,supermarket,Mercadona,,https://www.mercadona.es,
,42.4398887,2.6241246,convenience,,,,
Domaine Xixtaberri,43.355451,-1.3614809,greengrocer,,,http://myrtilles-cambo.com/,
El Faro,42.2500331,3.1826953,convenience,,08:00-21:30,,
Lidl,43.3308113,-1.8178367,supermarket,Lidl,Mo-Sa 09:30-21:30,,
Mercadona,43.3251319,-1.8350808,supermarket,Mercadona,,,
Bonjour,42.5669408,1.6009836,convenience,Bonjour,,,
Mama,43.3130154,-1.5797762,convenience,,,,
Centre Commercial E.Leclerc,43.374144,-1.6770755,supermarket,Centre Commercial E.Leclerc,,,
Carrefour Market,43.3617561,-1.4032579,convenience,Carrefour Market,Mo-Sa 08:00-20:00; Su 09:00-13:00,,
E. Leclerc,43.2339347,-1.2960912,supermarket,E. Leclerc,Mo-Sa 08:30-19:30,,+33 5 59 49 21 24
Supermercat de la posta,42.5768738,1.66633,convenience,,,,
Lidl,43.2777109,-1.9879978,supermarket,Lidl,,,
Mini Market,42.2652713,3.1635723,supermarket,,,,
,42.2371466,3.1213874,supermarket,,,,
Eroski City,43.3226465,-1.9373742,supermarket,Eroski,,,
Lidl,42.7980735,0.5977714,supermarket,Lidl,Mo-Sa 08:30-20:00,,
Dia,42.437056,1.1304145,supermarket,Dia,,,
Lidl,43.3485247,-1.7712011,supermarket,Lidl,Mo-Sa 08:30-20:30; Su 08:30-12:15,,
Le Jardin des 7 Vallées,42.8913421,1.3489292,convenience,,"Mo-Sa 09:00-12:30,14:30-19:00",,
Estación de servicio Uranzu,43.3392834,-1.7821182,general,,,,
Mercadona,43.278461,-1.9876094,supermarket,Mercadona,,,
,42.7230513,-0.524616,convenience,,,,
Garatea,43.0976817,-1.4266987,convenience,,,,+33 5 59 37 56 78
Biocoop,42.5143903,2.063126,supermarket,Biocoop,Mo-Fr 09:00-19:00,https://www.bioteafull.fr,
Caprabo,42.5462543,1.5219547,supermarket,,,,
El Rebost de Núria,42.3973106,2.1539006,convenience,,,,
Venta Peiralún,42.8043757,-0.4174926,supermarket,,,,
Supermercat Euromercat,42.5440926,1.7333598,supermarket,,,,
,43.3128104,-1.8999769,kiosk,,,,
Moeve carrefour,43.231847,-1.999927,convenience,,,,
Hermanos Iglesias,43.3011817,-1.8831558,greengrocer,,,,
,43.3358049,-1.7526097,convenience,,,,
Intermarché,42.5526498,2.9769327,supermarket,Intermarché,Mo-Sa 08:30-20:00; Su 08:30-13:00,https://www.intermarche.com/magasins/11251/saint-andre-66690/infos-pratiques,+33 4 68 95 40 00
Kiosko Josemi,43.3134021,-1.9011419,kiosk,,,,
,43.2580162,-2.0183257,convenience,,,,
Le Rond-Point des Fruits,42.5514923,2.9988156,greengrocer,,,,
,42.82959,-0.9480312,convenience,,,,
,42.4355863,1.5203688,kiosk,,,,
,42.4352039,1.5205888,kiosk,,,,
Disbo el Rebost,42.4759765,0.7169383,supermarket,,,,
,42.9834369,-1.6304631,convenience,,,,
Covirán,42.9058881,-1.0879578,supermarket,Covirán,,,
,42.6777312,-0.5383211,convenience,,,,
