,July 11th,,1 effort =,Distance,1,,,Pace,Hours at pace,,,,,,,,,,,,,,,,,,,,,,,,,,,,,,,,,,,,,,,,,,,
Twilight start,3:43,,,Asc,125,,,6,0,0,,,,,,,,,,,,,,,,,,,,,,,,,,,,,,,,,,,,,,,,,,
Sunrise,4:44,,,Desc,375,,,6.5,1,1,,,,,,,,,,,,,,,,,,,,,,,,,,,,,,,,,,,,,,,,,,
Solar Max,13:26,,,,,,,7,3,4,,,,,,,e ,,,,,,,,,,,,,,,,,,,,,,,,,,,,,,,,,,,
Sunset,22:06,,,,,,,7.5,5,9,,,,,,,,,,,,,,,,,,,,,,,,,,,,,,,,,,,,,,,,,,
Twilight end,23:07,,,,,,,8,7,16,,,,,,,,,,,,,,,,,,,,,,,,,,,,,,,,,,,,,,,,,,
Daylight time,17:23,,,,,,,8.5,9,25,,,,,,,,,,,,,,,,,,,,,,,,,,,,,,,,,,,,,,,,,,
Twilight time,02:02,,,,,,,9,5,30,,,,,,,,,,,,,,,,,,,,,,,,,,,,,,,,,,,,,,,,,,
“Dark”,04:36,,,,,,,9.5,5,35,,,,,,,,,,,,,,,,,,,,,,,,,,,,,,,,,,,,,,,,,,
Full moon Jul 10,,,,,,,,10,20,55,,,,,,,,,,,,,,,,,,,,,,,,,,,,,,,,,,,,,,,,,,
,,,,,,,,,,,,,,,,,,,,,,,,,,,,,,,,,,,,,,,,,,,,,,,,,,,,
,,,,,,,,,,,,Cool day – 1 litre water soft flasks,,,,,,,,,,,,,,,,,,,,,,,,,,,,,,,,,,,,,,,,
,,,,,,,,Cumulative,,,,,,,,,,,,,,Ramsay 2023,,,,,,,,,Tranter 2024,,,,,,,,,,,,,Ramsay 2025,,,,,,,,
Where,Hours,Time of day,Total Hours,Dist,Asc,Desc,,Dist,Asc,Desc,Notes,Water,Time at Water,,Effort,Min / effort,Mins,,Time of day,,,Mins,Cumulative,Diff,Cumulative,Min / unit,Diff FW,Ratio,,,Mins,Cumulative,,,Diff vs splits ,Cumulative,Min / unit,Diff FW,Ratio,,,FW Mins,,,Mins,Cumulative,Hours ,Min,Diff vs Ramsay 2023,,Cumulative diff vs estimate,
Youth Hostel,,00:00,,0,,,,0,,,,Water – start with 1L,0,,0.00,,0.0,0.0,00:00,,Youth Hostel,,0,,,,,,,Youth Hostel,,0,,,,,,,,,,0,,Youth Hostel,,0,,,,,0.00,
Mullach,1:37,01:37,1:37,7.22,957,21,,7.22,957,21,,,,,14.93,6.5,97.0,97.0,01:37,,Mullach,90,90,-7.0,-7.0,6.0,29.00,1.5,,Mullach,87,87,1,27,-10,-10,5.8,26,1.4,,,61,,Mullach,82,82,1,22,-8.00,-8,-15.04,-15.04
Stob Ban,0:41,02:18,2:18,3.18,259,208,,10.4,1216,229,,,,,5.81,7.0,40.6,137.7,02:18,,Stob Ban,40,130,-0.6,-7.7,6.9,12.00,1.4,,Stob Ban,37,124,2,4,-4,-14,6.4,9,1.3,,,28,,Stob Ban,43,125,2,5,-5.00,3,-12.69,2.36
Sgurr a Mhaim,0:49,03:07,3:07,3.01,399,288,,13.41,1615,517,,Water – lochan outflow,2h45 (2h45)   ,,6.97,7.0,48.8,186.5,03:07,,Sgurr a Mhaim,52,182,3.2,-4.5,7.5,18.00,1.5,,Sgurr a Mhaim,51,175,2,55,2,-12,7.3,17,1.5,,,34,,Sgurr a Mhaim,51,176,2,56,-6.00,-1,-10.50,2.19
Am Bodach,0:41,03:47,3:47,2.84,263,337,,16.25,1878,854,,,,,5.84,7.0,40.9,227.4,03:47,,Am Bodach,43,225,2.1,-2.4,7.4,16.00,1.6,,Am Bodach,37,212,3,32,-4,-15,6.3,10,1.4,,,27,,Am Bodach,43,219,3,39,-6.00,0,-8.40,2.10
Stob Coire a Chairn,0:26,04:14,4:14,1.65,184,249,,17.9,2062,1102,,,,,3.79,7.0,26.5,253.9,04:14,,Stob Coire a Chairn,27,252,0.5,-1.9,7.1,11.00,1.7,,Stob Coire a Chairn,25,237,3,57,-1,-17,6.6,9,1.6,,,16,,Stob Coire a Chairn,28,247,4,7,-5.00,1,-6.90,1.50
An Gearanach,0:20,04:34,4:34,1.21,145,133,,19.11,2207,1236,,,,,2.72,7.5,20.4,274.3,04:34,,An Gearanach,23,275,2.6,0.7,8.5,10.00,1.8,,An Gearanach,20,257,4,17,0,-17,7.3,7,1.5,,,13,,An Gearanach,20,267,4,27,-8.00,-3,-7.31,-0.41
Na Gruigaichean,0:50,05:25,5:25,3.02,359,310,,22.13,2566,1545,,Water – on shortcut,2h25 (5h10),,6.72,7.5,50.4,324.7,05:25,,Na Gruigaichean,58,333,7.6,8.3,8.6,23.00,1.7,,Na Gruigaichean,52,309,5,9,2,-16,7.7,17,1.5,,,35,,Na Gruigaichean,53,320,5,20,-13.00,-5,-4.69,2.62
Binnein Mor,0:27,05:52,5:52,1.67,205,113,,23.8,2771,1659,sunrise,,,,3.61,7.5,27.1,351.8,05:52,,Binnein Mor,24,357,-3.1,5.2,6.6,8.00,1.5,,Binnein Mor,25,334,5,34,-2,-18,6.9,9,1.6,,,16,,Binnein Mor,25,345,5,45,-12.00,1,-6.78,-2.08
Binnein Beag,0:33,06:25,6:25,1.97,186,353,,25.77,2957,2011,,Water if needed – lochan outflow,,,4.40,7.5,33.0,384.8,06:25,,Binnein Beag,43,400,10.0,15.2,9.8,21.00,2.0,,Binnein Beag,36,370,6,10,3,-15,8.2,14,1.6,,,22,,Binnein Beag,40,385,6,25,-15.00,-3,0.23,7.00
Sgurr Eilide Mor,0:51,07:16,7:16,3.10,360,317,,28.87,3317,2329,,Water – stream,1h45 (6h55)       ,,6.82,7.5,51.2,436.0,07:16,,Sgurr Eilide Mor,66,466,14.8,30.0,9.7,30.00,1.8,,Sgurr Eilide Mor,58,428,7,8,7,-8,8.5,22,1.6,,,36,,Sgurr Eilide Mor,58,443,7,23,-23.00,-8,7.04,6.82
River,0:54,08:09,8:09,5.33,4,666,,34.2,3321,2994,,,,,7.14,7.5,53.5,489.5,08:09,,River,50,516,-3.5,26.5,7.0,19.00,1.6,,River,0,0,,,,,0.0,-31,0.0,,,31,,River,57,500,8,20,-16.00,7,10.51,3.46
Beinn Na Lap turn off,1:22,09:31,9:31,8.97,199,136,,43.17,3519,3130,,Water at turn off,2h35 (9h30),,10.92,7.5,81.9,571.4,09:31,,Beinn Na Lap turn off,77,593,-4.9,21.6,7.0,30.00,1.6,,Beinn Na Lap turn off,0,0,,,,,,,,,,47,,Beinn Na Lap turn off,84,584,9,44,-9.00,7,12.59,2.08
Beinn Na Lap,1:06,10:37,10:37,3.67,565,8,,46.84,4084,3139,,,,,8.21,8.0,65.7,637.1,10:37,,Beinn Na Lap,65,658,-0.7,20.9,7.9,25.00,1.6,,Beinn Na Lap,0,0,,,,,,,,,,40,,Beinn Na Lap,63,647,10,47,-11.00,-2,9.91,-2.68
Chno Dearg,1:25,12:02,12:02,4.79,572,465,,51.63,4656,3604,,Water -  stream on climb,2h20 (11h50),,10.61,8.0,84.8,721.9,12:02,,Chno Dearg,92,750,7.2,28.1,8.7,38.00,1.7,,Chno Dearg,0,0,,,,,,,,,,54,,Chno Dearg,98,745,12,25,-5.00,6,23.06,13.15
Stob Coire Sgriodan,0:37,12:39,12:39,2.89,144,212,,54.52,4800,3816,,,,,4.60,8.0,36.8,758.8,12:39,,Stob Coire Sgriodan,39,789,2.2,30.2,8.5,17.00,1.8,,Stob Coire Sgriodan,0,0,,,,,,,,,,22,,Stob Coire Sgriodan,38,783,13,3,-6.00,-1,24.23,1.17
Fersit Dam,0:43,13:22,13:22,3.25,19,761,,57.77,4818,4577,hot,Water in resupply,1h30 (13h20),,5.43,8.0,43.4,802.2,13:22,,Fersit Dam,60,849,16.6,46.8,11.1,33.00,2.2,,Fersit Dam,0,0,,,,,,,,,,27,,Fersit Dam,58,841,14,1,-8.00,-2,38.79,14.56
Stob a’ Choire Mheadhoin,1:42,15:04,15:04,5.71,875,1,,63.48,5693,4578,hot,,,,12.71,8.0,101.7,903.9,15:04,,Stob a’ Choire Mheadhoin,128,977,26.3,73.1,10.1,64.00,2.0,,Stob a’ Choire Mheadhoin,0,0,,,,,,,,,,64,,Stob a’ Choire Mheadhoin,,,,,,,,
Stob Coire Easian,0:22,15:25,15:25,1.10,150,149,,64.58,5843,4727,hot,,,,2.69,8.0,21.6,925.4,15:25,,Stob Coire Easian,35,1012,13.4,86.6,13.0,21.00,2.5,,Stob Coire Easian,0,0,,,,,,,,,,14,,Stob Coire Easian,,,,,,,,
River,0:36,16:01,16:01,2.36,26,706,,66.94,5869,5433,hot – dunk in river,Water – cross stream on descent,2h25 (15h45),,4.45,8.0,35.6,961.1,16:01,,River,0,,,,,,,,River,0,0,,,,,,,,,,17,,River,,,,,,,,
Stob Ban 2,0:55,16:56,16:56,2.14,547,0,,69.08,6416,5433,hot,Water – cross stream on ascent,0h45m (16h30),,6.52,8.5,55.4,1016.4,16:56,,Stob Ban 2,0,,,,,,,,Stob Ban 2,0,549,9,9,,,,,,,,37,,Stob Ban 2,,,,,,,,
Stob Choire Claurigh,0:45,17:41,17:41,1.97,357,173,,71.05,6772,5606,hot,Water if needed - near bealach?,,,5.28,8.5,44.9,1061.4,17:41,,Stob Choire Claurigh,0,,,,,,,,Stob Choire Claurigh,41,590,9,50,-4,-12,7.8,13,1.5,,,28,,Stob Choire Claurigh,,,,,,,,
Stob Coire An Laoigh,0:42,18:24,18:24,3.02,167,225,,74.07,6940,5830,breeze?,,,,4.96,8.5,42.1,1103.5,18:24,,Stob Coire An Laoigh,0,,,,,,,,Stob Coire An Laoigh,35,625,10,25,-7,-19,7.1,10,1.4,,,25,,Stob Coire An Laoigh,,,,,,,,
Sgurr Choinnich Mor,0:33,18:57,18:57,2.03,173,197,,76.1,7113,6027,breeze?,Water – stream on corrie shortcut,2h (18h30),,3.94,8.5,33.4,1137.0,18:57,,Sgurr Choinnich Mor,0,,,,,,,,Sgurr Choinnich Mor,39,664,11,4,6,-13,9.9,17,1.8,,,22,,Sgurr Choinnich Mor,,,,,,,,
Aonach Beag,1:19,20:16,20:16,3.96,544,385,,80.06,7656,6412,breeze?,Water – trickle stream at start of steep climb,,,9.34,8.5,79.4,1216.3,20:16,,Aonach Beag,0,,,,,,,,Aonach Beag,70,734,12,14,-9,-23,7.5,21,1.4,,,49,,Aonach Beag,,,,,,,,
Aonach Mor,0:28,20:44,20:44,1.79,138,148,,81.85,7795,6559,breeze?,,,,3.29,8.5,28.0,1244.3,20:44,,Aonach Mor,0,,,,,,,,Aonach Mor,22,756,12,36,-6,-29,6.7,7,1.5,,,15,,Aonach Mor,,,,,,,,
Carn Mor Dearg,0:57,21:41,21:41,2.55,386,391,,84.4,8181,6950,breeze?,Water – reliable stream on descent,2h20 (20h50),,6.68,8.5,56.8,1301.1,21:41,,Carn Mor Dearg,0,,,,,,,,Carn Mor Dearg,60,816,13,36,3,-26,9.0,28,1.9,,,32,,Carn Mor Dearg,,,,,,,,
Ben Nevis,0:44,22:25,22:25,2.13,322,187,,86.53,8503,7138,breeze?,,,,5.21,8.5,44.3,1345.3,22:25,,Ben Nevis,0,,,,,,,,Ben Nevis,50,866,14,26,6,-20,9.6,20,1.7,,,30,,Ben Nevis,,,,,,,,
Youth Hostel,1:20,23:46,23:46,5.76,3,1369,,92.29,8506,8506,sunset,Water if needed on descent,2h10 (23h00),,9.43,8.5,80.2,1425.5,23:46,,Youth Hostel,0,,,,,,,,Youth Hostel,67,933,15,33,-13,-33,7.1,32,1.9,,,35,,Youth Hostel,,,,,,,,
,23:46,,,92.29,8506.16,8506.16,,,,,,,,,183.02,,1425.5,,,,,,,,,,,,,,812.00,,,,,,,,,,,,,,,,,,,,,
,,,,,,,,,,,,,,,,,7.79,,,,,,,,,,,,,,,,,,,,,,,,,,,,,,,,,,,
,,,,,,,,,,,,,,,,,,,,,,,,,,,,,,28 minutes up on splits for 13.5 hours of round that matches,,,,,,,,,,,,,,,,,,,,,,
,,,,,,,,,,,,,,,,,,,,,,,,,,,,,,extra is ~31.5km / 2300m vs full round,,,,,,,,,,,,,,,,,,,,,,
,,,,,,,,,,,,,,,,,,,,,,,,,,,,,,8.1 hrs at “fast walk” - > 23.6 hours total,,,,,,,,,,,,,,,,,,,,,,
,,,,,,,,,,,,,,,,,,,,,,,,,,,,,,30 minutes up on fast walk pace stob ban → finish this effort,,,,,,,,,,,,,,,,,,,,,,
links,,,,,,,,,,,,,,,,,,,,,,,,,,,,,,,,,,,,,,,,,,,,,,,,,,,,
https://www.strava.com/activities/3769639192/overview,,,,,,,,,,,,,,,,,,,,,,,,,,,,,,,,,,,,,,,,,,,,,,,,,,,,
https://www.strava.com/activities/5520753452/overview,,,,,,,,,,,,,,,,,,,,,,,,,,,,,,,,,,,,,,,,,,,,,,,,,,,,
https://www.strava.com/activities/1018433776/overview,,,,,,,,,,,,,,,,,,,,,,,,,,,,,,Non tranters splits,580.48,,,,,,,,,,,,,,,,,,,,,
https://www.strava.com/activities/5346854746,,,,,,,,,,,,,,,,,,,,,,,,,,,,,,Tranters 24 + splits,1392.48,,,,,,,,,,,,,,,,,,,,,
https://www.strava.com/activities/3992518739,,,,,,,,,,,,,,,,,,,,,,,,,,,,,,hours,23.21,,,,,,,,,,,,,,,,,,,,,
https://www.strava.com/activities/11444393356/overview,,,,,,,,,,,,,,,,,,,,,,,,,,,,,,,,,,,,,,,,,,,,,,,,,,,,
,,,,,,,,,,,,,,,,,,,,,,,,,,,,,,,,,,,,,,,,,,,,,,,,,,,,
Food,,,,,,,,Tranters 24,,,,,,,,,,,,,,,,,,,,,,,,,,,,,,,,,,,,,,,,,,,,
Total Calories,,,,7200,,,,Food worked well – maybe more sweets in mix?,,,,,,,,,,,,,,,,,,,,,,,,,,,,,,,,,,,,,,,,,,,,
Per hour,,,,300,,,,3 bags of equal size for nuts / sweets,,,,,,,,,,,,,,,,,,,,,,,,,,,,,,,,,,,,,,,,,,,,
,,,,,,,,,,,,,,,,,,,,,,,,,,,,,,,,,,,,,,,,,,,,,,,,,,,,
,Weight,Cal,Num,Total Weight,Total Cal,,,,,,,,,,,,,,,,,,,,,,,,,,,,,,,,,,,,,,,,,,,,,,,
Nature Valley Salt,30,139,12,360,1668,,,,,,,,,,,,,,,,,,,,,,,,,,,,,,,,,,,,,,,,,,,,,,,
Munch bar,32,135,12,384,1620,,,,,,,,,,,,,,,,,,,,,,,,,,,,,,,,,,,,,,,,,,,,,,,
Haribo,100,356,7.5,750,2670,,,updated from 5.1 post tranters 24,,,,,,,,,,,,,,,,,,,,,,,,,,,,,,,,,,,,,,,,,,,,
Chocolate,100,500,0,0,0,,,,,,,,,,,,,,,,,,,,,,,,,,,,,,,,,,,,,,,,,,,,,,,
Gels,60,87,12,720,1044,,,,,,,,,,,,,,,,,,,,,,,,,,,,,,,,,,,,,,,,,,,,,,,
Coated Nuts,100,570,2,200,1140,,,,,,,,,,,,,,,,,,,,,,,,,,,,,,,,,,,,,,,,,,,,,,,
Clif,68,255,0,0,0,,,,,,,,,,,,,,,,,,,,,,,,,,,,,,,,,,,,,,,,,,,,,,,
Stoats,25,96,0,0,0,,,,,,,,,,,,,,,,,,,,,,,,,,,,,,,,,,,,,,,,,,,,,,,
,,,,2414,8142,,,,,,,,,,,,,,,,,,,,,,,,,,,,,,,,,,,,,,,,,,,,,,,
,,,to fersit,1609.3333333333,5428,,,,,,,,,,,,,,,,,,,,,,,,,,,,,,,,,,,,,,,,,,,,,,,
,,,,,,,,,,,,,,,,,,,,,,,,,,,,,,,,,,,,,,,,,,,,,,,,,,,,
,,,,,,,,,,,,,,,,,,,,,,,,,,,,,,,,,,,,,,,,,,,,,,,,,,,,
,,,,,,,,,,,,,,,,,,,,,,,,,,,,,,,,,,,,,,,,,,,,,,,,,,,,
,,,,,,,,,,,,,,,,,,,,,,,,,,,,,,,,,,,,,,,,,,,,,,,,,,,,
,,,,,,,,,,,,,,,,,,,,,,,,,,,,,,,,,,,,,,,,,,,,,,,,,,,,
Youth Hostel,,,,,,,,,,,,,,,,,,,,,,,,,,,,,,,,,,,,,,,,,,,,,,,,,,,,
Mullach,01:30:00,01:30:00,,,,,,,,,,,,,,,,,,,,,,,,,,,,,,,,,,,,,,,,,,,,,,,,,,
Stob Ban,00:38:00,02:08:00,,,,,,,,,,,,,,,,,,,,,,,,,,,,,,,,,,,,,,,,,,,,,,,,,,
Sgurr a Mhaim,00:50:00,02:58:00,,,,,,,,,,,,,,,,,,,,,,,,,,,,,,,,,,,,,,,,,,,,,,,,,,
,00:22:00,03:20:00,,,,,,,,,,,,,,,,,,,,,,,,,,,,,,,,,,,,,,,,,,,,,,,,,,
Am Bodach,00:19:00,03:39:00,,,,,,,,,,,,,,,,,,,,,,,,,,,,,,,,,,,,,,,,,,,,,,,,,,
Stob Coire a Chairn,00:24:00,04:03:00,,,,,,,,,,,,,,,,,,,,,,,,,,,,,,,,,,,,,,,,,,,,,,,,,,
An Gearanach,00:25:00,04:28:00,,,,,,,,,,,,,,,,,,,,,,,,,,,,,,,,,,,,,,,,,,,,,,,,,,
Na Gruigaichean,00:50:00,05:18:00,,,,,,,,,,,,,,,,,,,,,,,,,,,,,,,,,,,,,,,,,,,,,,,,,,
Binnein Mor,00:25:00,05:43:00,,,,,,,,,,,,,,,,,,,,,,,,,,,,,,,,,,,,,,,,,,,,,,,,,,
Binnein Beag,00:40:00,06:23:00,,,,,,,,,,,,,,,,,,,,,,,,,,,,,,,,,,,,,,,,,,,,,,,,,,
Sgurr Eilide Mor,00:53:00,07:16:00,,,,,,,,,,,,,,,,,,,,,,,,,,,,,,,,,,,,,,,,,,,,,,,,,,
River,00:51:00,08:07:00,,,,,,,,,,,,,,,,,,,,,,,,,,,,,,,,,,,,,,,,,,,,,,,,,,
Beinn Na Lap turn off,01:05:00,09:12:00,,,,,,,,,,,,,,,,,,,,,,,,,,,,,,,,,,,,,,,,,,,,,,,,,,
Beinn Na Lap,01:04:00,10:16:00,,,,,,,,,,,,,,,,,,,,,,,,,,,,,,,,,,,,,,,,,,,,,,,,,,
Chno Dearg,01:25:00,11:41:00,,,,,,,,,,,,,,,,,,,,,,,,,,,,,,,,,,,,,,,,,,,,,,,,,,
Stob Coire Sgriodan,00:37:00,12:18:00,,,,,,,,,,,,,,,,,,,,,,,,,,,,,,,,,,,,,,,,,,,,,,,,,,
Fersit Dam,00:55:00,13:13:00,,,,,,,,,,,,,,,,,,,,,,,,,,,,,,,,,,,,,,,,,,,,,,,,,,
Stob a’ Choire Mheadhoin,01:47:00,15:00:00,,,,,,,,,,,,,,,,,,,,,,,,,,,,,,,,,,,,,,,,,,,,,,,,,,
Stob Coire Easian,00:21:00,15:21:00,,,,,,,,,,,,,,,,,,,,,,,,,,,,,,,,,,,,,,,,,,,,,,,,,,
River,00:37:00,15:58:00,,,,,,,,,,,,,,,,,,,,,,,,,,,,,,,,,,,,,,,,,,,,,,,,,,
Stob Ban 2,00:57:00,16:55:00,,,,,,,,,,,,,,,,,,,,,,,,,,,,,,,,,,,,,,,,,,,,,,,,,,
Stob Choire Claurigh,00:45:00,17:40:00,,,,,,,,,,,,,,,,,,,,,,,,,,,,,,,,,,,,,,,,,,,,,,,,,,
Stob Coire An Laoigh,00:42:00,18:22:00,,,,,,,,,,,,,,,,,,,,,,,,,,,,,,,,,,,,,,,,,,,,,,,,,,
Sgurr Choinnich Mor,00:35:00,18:57:00,,,,,,,,,,,,,,,,,,,,,,,,,,,,,,,,,,,,,,,,,,,,,,,,,,
Aonach Beag,01:15:00,20:12:00,,,,,,,,,,,,,,,,,,,,,,,,,,,,,,,,,,,,,,,,,,,,,,,,,,
Aonach Mor,00:26:00,20:38:00,,,,,,,,,,,,,,,,,,,,,,,,,,,,,,,,,,,,,,,,,,,,,,,,,,
Carn Mor Dearg,01:01:00,21:39:00,,,,,,,,,,,,,,,,,,,,,,,,,,,,,,,,,,,,,,,,,,,,,,,,,,
Ben Nevis,00:51:00,22:30:00,,,,,,,,,,,,,,,,,,,,,,,,,,,,,,,,,,,,,,,,,,,,,,,,,,
Youth Hostel,01:00:00,23:30:00,,,,,,,,,,,,,,,,,,,,,,,,,,,,,,,,,,,,,,,,,,,,,,,,,,
,,,,,,,,,,,,,,,,,,,,,,,,,,,,,,,,,,,,,,,,,,,,,,,,,,,,
,,,,,,,,,,,,,,,,,,,,,,,,,,,,,,,,,,,,,,,,,,,,,,,,,,,,
,,,,,,,,,,,,,,,,,,,,,,,,,,,,,,,,,,,,,,,,,,,,,,,,,,,,
,,,,,,,,,,,,,,,,,,,,,,,,,,,,,,,,,,,,,,,,,,,,,,,,,,,,
,,,,,,,,,,,,,,,,,,,,,,,,,,,,,,,,,,,,,,,,,,,,,,,,,,,,
,,,,,,,,,,,,,,,,,,,,,,,,,,,,,,,,,,,,,,,,,,,,,,,,,,,,
,,,,,,,,,,,,,,,,,,,,,,,,,,,,,,,,,,,,,,,,,,,,,,,,,,,,
920,20,956.8,20.8,,,,,,,,,,,,,,,,,,,,,,,,,,,,,,,,,,,,,,,,,,,,,,,,,
1169,220,1215.76,228.8,,,,,,,,,,,,,,,,,,,,,,,,,,,,,,,,,,,,,,,,,,,,,,,,,
1553,497,1615.12,516.88,,,,,,,,,,,,,,,,,,,,,,,,,,,,,,,,,,,,,,,,,,,,,,,,,
1806,821,1878.24,853.84,,,,,,,,,,,,,,,,,,,,,,,,,,,,,,,,,,,,,,,,,,,,,,,,,
1983,1060,2062.32,1102.4,,,,,,,,,,,,,,,,,,,,,,,,,,,,,,,,,,,,,,,,,,,,,,,,,
2122,1188,2206.88,1235.52,,,,,,,,,,,,,,,,,,,,,,,,,,,,,,,,,,,,,,,,,,,,,,,,,
2467,1486,2565.68,1545.44,,,,,,,,,,,,,,,,,,,,,,,,,,,,,,,,,,,,,,,,,,,,,,,,,
2664,1595,2770.56,1658.8,,,,,,,,,,,,,,,,,,,,,,,,,,,,,,,,,,,,,,,,,,,,,,,,,
2843,1934,2956.72,2011.36,,,,,,,,,,,,,,,,,,,,,,,,,,,,,,,,,,,,,,,,,,,,,,,,,
3189,2239,3316.56,2328.56,,,,,,,,,,,,,,,,,,,,,,,,,,,,,,,,,,,,,,,,,,,,,,,,,
3193,2879,3320.72,2994.16,,,,,,,,,,,,,,,,,,,,,,,,,,,,,,,,,,,,,,,,,,,,,,,,,
3384,3010,3519.36,3130.4,,,,,,,,,,,,,,,,,,,,,,,,,,,,,,,,,,,,,,,,,,,,,,,,,
3927,3018,4084.08,3138.72,,,,,,,,,,,,,,,,,,,,,,,,,,,,,,,,,,,,,,,,,,,,,,,,,
4477,3465,4656.08,3603.6,,,,,,,,,,,,,,,,,,,,,,,,,,,,,,,,,,,,,,,,,,,,,,,,,
4615,3669,4799.6,3815.76,,,,,,,,,,,,,,,,,,,,,,,,,,,,,,,,,,,,,,,,,,,,,,,,,
4633,4401,4818.32,4577.04,,,,,,,,,,,,,,,,,,,,,,,,,,,,,,,,,,,,,,,,,,,,,,,,,
5474,4402,5692.96,4578.08,,,,,,,,,,,,,,,,,,,,,,,,,,,,,,,,,,,,,,,,,,,,,,,,,
5618,4545,5842.72,4726.8,,,,,,,,,,,,,,,,,,,,,,,,,,,,,,,,,,,,,,,,,,,,,,,,,
5643,5224,5868.72,5432.96,,,,,,,,,,,,,,,,,,,,,,,,,,,,,,,,,,,,,,,,,,,,,,,,,
6169,5224,6415.76,5432.96,,,,,,,,,,,,,,,,,,,,,,,,,,,,,,,,,,,,,,,,,,,,,,,,,
6512,5390,6772.48,5605.6,,,,,,,,,,,,,,,,,,,,,,,,,,,,,,,,,,,,,,,,,,,,,,,,,
6673,5606,6939.92,5830.24,,,,,,,,,,,,,,,,,,,,,,,,,,,,,,,,,,,,,,,,,,,,,,,,,
6839,5795,7112.56,6026.8,,,,,,,,,,,,,,,,,,,,,,,,,,,,,,,,,,,,,,,,,,,,,,,,,
7362,6165,7656.48,6411.6,,,,,,,,,,,,,,,,,,,,,,,,,,,,,,,,,,,,,,,,,,,,,,,,,
7495,6307,7794.8,6559.28,,,,,,,,,,,,,,,,,,,,,,,,,,,,,,,,,,,,,,,,,,,,,,,,,
7866,6683,8180.64,6950.32,,,,,,,,,,,,,,,,,,,,,,,,,,,,,,,,,,,,,,,,,,,,,,,,,
8176,6863,8503.04,7137.52,,,,,,,,,,,,,,,,,,,,,,,,,,,,,,,,,,,,,,,,,,,,,,,,,
8179,8179,8506.16,8506.16,,,,,,,,,,,,,,,,,,,,,,,,,,,,,,,,,,,,,,,,,,,,,,,,,
,,,,,,,,,,,,,,,,,,,,,,,,,,,,,,,,,,,,,,,,,,,,,,,,,,,,
,,,,,,,,,,,,,,,,,,,,,,,,,,,,,,,,,,,,,,,,,,,,,,,,,,,,
,Unit,ACW pace,times units,Units,CW pace,times units,,,,,,,,,,,,,,,,,,,,,,,,,,,,,,,,,,,,,,,,,,,,,,
Youth Hostel,,,,,,,,,92.29,8506.16,,8506.16,,,,,,,,,,,,,,,,,,,,,,,,,,,,,,,,,,,,,,,,
Mullach,14.9,7.0,104.5,9.9,6,59.6,,,86.53,8503.04,,7137.52,,,,,,,,,,,,,,,,,,,,,,,,,,,,,,,,,,,,,,,,
Stob Ban,5.8,7.0,40.6,5.5,7.0,38.7,,,84.4,8180.64,,6950.32,,,,,,,,,,,,,,,,,,,,,,,,,,,,,,,,,,,,,,,,
Sgurr a Mhaim,7.0,7.5,52.3,6.4,7.0,44.7,,,81.85,7794.8,,6559.28,,,,,,,,,,,,,,,,,,,,,,,,,,,,,,,,,,,,,,,,
Am Bodach,5.8,7.0,40.9,6.2,7.0,43.7,,,80.06,7656.48,,6411.6,,,,,,,,,,,,,,,,,,,,,,,,,,,,,,,,,,,,,,,,
Stob Coire a Chairn,3.8,7.5,28.4,4.1,7,28.9,,,76.1,7112.56,,6026.8,,,,,,,,,,,,,,,,,,,,,,,,,,,,,,,,,,,,,,,,
An Gearanach,2.7,8.0,21.8,2.7,8.0,21.3,,,74.07,6939.92,,5830.24,,,,,,,,,,,,,,,,,,,,,,,,,,,,,,,,,,,,,,,,
Na Gruigaichean,6.7,7.0,47.0,6.5,6.5,42.0,,,71.05,6772.48,,5605.6,,,,,,,,,,,,,,,,,,,,,,,,,,,,,,,,,,,,,,,,
Binnein Mor,3.6,7.0,25.3,3.1,7.0,21.9,,,69.08,6415.76,,5432.96,,,,,,,,,,,,,,,,,,,,,,,,,,,,,,,,,,,,,,,,
Binnein Beag,4.4,7.5,33.0,5.3,8.0,42.3,,,66.94,5868.72,,5432.96,,,,,,,,,,,,,,,,,,,,,,,,,,,,,,,,,,,,,,,,
Sgurr Eilide Mor,6.8,7.0,47.8,6.6,7.5,49.5,,,64.58,5842.72,,4726.8,,,,,,,,,,,,,,,,,,,,,,,,,,,,,,,,,,,,,,,,
River,7.1,6.5,46.4,10.7,8.0,85.3,,,63.48,5692.96,,4578.08,,,,,,,,,,,,,,,,,,,,,,,,,,,,,,,,,,,,,,,,
Beinn Na Lap turn off,10.9,6.0,65.5,10.6,7.0,74.1,,,57.77,4818.32,,4577.04,,,,,,,,,,,,,,,,,,,,,,,,,,,,,,,,,,,,,,,,
Beinn Na Lap,8.2,7.0,57.5,5.2,6.0,31.5,,,54.52,4799.6,,3815.76,,,,,,,,,,,,,,,,,,,,,,,,,,,,,,,,,,,,,,,,
Chno Dearg,10.6,7.5,79.5,10.0,7.5,75.3,,,51.63,4656.08,,3603.6,,,,,,,,,,,,,,,,,,,,,,,,,,,,,,,,,,,,,,,,
Stob Coire Sgriodan,4.6,7.0,32.2,5.0,7.5,37.3,,,46.84,4084.08,,3138.72,,,,,,,,,,,,,,,,,,,,,,,,,,,,,,,,,,,,,,,,
Fersit Dam,5.4,7.5,40.7,9.4,7.0,65.7,,,43.17,3519.36,,3130.4,,,,,,,,,,,,,,,,,,,,,,,,,,,,,,,,,,,,,,,,
Stob a’ Choire Mheadhoin,12.7,7.5,95.3,8.1,6.5,52.3,,,34.2,3320.72,,2994.16,,,,,,,,,,,,,,,,,,,,,,,,,,,,,,,,,,,,,,,,
Stob Coire Easian,2.7,7.0,18.9,2.7,7.0,18.8,,,28.87,3316.56,,2328.56,,,,,,,,,,,,,,,,,,,,,,,,,,,,,,,,,,,,,,,,
River,4.5,6.5,28.9,8.1,7.5,60.6,,,25.77,2956.72,,2011.36,,,,,,,,,,,,,,,,,,,,,,,,,,,,,,,,,,,,,,,,
Stob Ban 2,6.5,7.5,48.9,3.6,6.5,23.4,,,23.8,2770.56,,1658.8,,,,,,,,,,,,,,,,,,,,,,,,,,,,,,,,,,,,,,,,
Stob Choire Claurigh,5.3,7.5,39.6,4.3,7.0,30.1,,,22.13,2565.68,,1545.44,,,,,,,,,,,,,,,,,,,,,,,,,,,,,,,,,,,,,,,,
Stob Coire An Laoigh,5.0,7.5,37.2,5.3,7.5,39.5,,,19.11,2206.88,,1235.52,,,,,,,,,,,,,,,,,,,,,,,,,,,,,,,,,,,,,,,,
Sgurr Choinnich Mor,3.9,7.5,29.5,4.1,7.5,30.5,,,17.9,2062.32,,1102.4,,,,,,,,,,,,,,,,,,,,,,,,,,,,,,,,,,,,,,,,
Aonach Beag,9.3,7.5,70.0,8.5,7.5,63.7,,,16.25,1878.24,,853.84,,,,,,,,,,,,,,,,,,,,,,,,,,,,,,,,,,,,,,,,
Aonach Mor,3.3,6.5,21.4,3.3,6.5,21.7,,,13.41,1615.12,,516.88,,,,,,,,,,,,,,,,,,,,,,,,,,,,,,,,,,,,,,,,
Carn Mor Dearg,6.7,8.0,53.4,6.7,8.0,53.7,,,10.4,1215.76,,228.8,,,,,,,,,,,,,,,,,,,,,,,,,,,,,,,,,,,,,,,,
Ben Nevis,5.2,8.5,44.3,4.5,8.5,38.1,,,7.22,956.8,,20.8,,,,,,,,,,,,,,,,,,,,,,,,,,,,,,,,,,,,,,,,
Youth Hostel,9.4,6.5,61.3,16.7,7.0,117.0,,,,,,,,,,,,,,,,,,,,,,,,,,,,,,,,,,,,,,,,,,,,,,
,183,,1312,,,1311,,,,,,,,,,,,,,,,,,,,,,,,,,,,,,,,,,,,,,,,,,,,,,
,,,,,,,,,,,,,,,,,,,,,,,,,,,,,,,,,,,,,,,,,,,,,,,,,,,,
Mamores,61.6,7.2,441.6,56.3,7.0,392,,,,,,,,,,,,,,,,,,,,,,,,,,,,,,,,,,,,,,,,,,,,,,
Valley  Fersit,46.9,6.9,322,50.9,7.3,369,,,,,,,,,,,,,,,,,,,,,,,,,,,,,,,,,,,,,,,,,,,,,,
Lochaber,74.5,7.4,549,75.8,7.2,549,,,,,,,,,,,,,,,,,,,,,,,,,,,,,,,,,,,,,,,,,,,,,,
,183.0,,,183,,,,,,,,,,,,,,,,,,,,,,,,,,,,,,,,,,,,,,,,,,,,,,,,
,,,,,,,,,,,,,,,,,,,,,,,,,,,,,,,,,,,,,,,,,,,,,,,,,,,,
,,,,,,,,,,,,,,,,,,,,,,,,,,,,,,,,,,,,,,,,,,,,,,,,,,,,
,,,,,,,,,,,,,,,,,,,,,,,,,,,,,,,,,,,,,,,,,,,,,,,,,,,,
,,,,,,,,,,,,,,,,,,,,,,,,,,,,,,,,,,,,,,,,,,,,,,,,,,,,
,,,,,,,,,,,,,,,,,,,,,,,,,,,,,,,,,,,,,,,,,,,,,,,,,,,,
Where,Hours,Time of day,Total Hours,Dist,Asc,Desc,,Dist,Asc,Desc,,Notes,Time at Water,,Effort,Min / effort,Mins,,Time of day,,,,,,,,,,,,,,,,,,,,,,,,,,,,,,,,,
Youth Hostel,,06:00,,0,,,,0,,,,,,,0.00,,0.0,0.0,06:00,,,,,,,,,,,,,,,,,,,,,,,,,,,,,,,,,
Ben Nevis,1:49,01:49,1:49,5.76,1369,3,,5.76,1369,3,,,,,16.72,6.5,108.7,108.7,01:49,,,,,,,,,,,,,,,,,,,,,,,,,,,,,,,,,
Carn Mor Dearg,0:31,02:20,2:20,2.13,187,322,,7.89,1556,326,,,,,4.49,7.0,31.4,140.1,02:20,,,,,,,,,,,,,,,,,,,,,,,,,,,,,,,,,
Aonach Mor,0:47,03:07,3:07,2.55,391,386,,10.44,1947,711,,,,,6.71,7.0,47.0,187.0,03:07,,,,,,,,,,,,,,,,,,,,,,,,,,,,,,,,,
Aonach Beag,0:23,03:30,3:30,1.79,148,138,,12.23,2095,850,,,,,3.34,7.0,23.4,210.4,03:30,,,,,,,,,,,,,,,,,,,,,,,,,,,,,,,,,
Sgurr Choinnich Mor,0:59,04:30,4:30,3.96,385,544,,16.19,2479,1394,,,,,8.49,7.0,59.4,269.8,04:30,,,,,,,,,,,,,,,,,,,,,,,,,,,,,,,,,
Stob Coire An Laoigh,0:30,05:00,5:00,2.03,197,173,,18.22,2676,1566,,,,,4.06,7.5,30.5,300.3,05:00,,,,,,,,,,,,,,,,,,,,,,,,,,,,,,,,,
Stob Choire Claurigh,0:39,05:40,5:40,3.02,225,167,,21.24,2901,1734,,,,,5.26,7.5,39.5,339.8,05:40,,,,,,,,,,,,,,,,,,,,,,,,,,,,,,,,,
Stob Ban 2,0:32,06:12,6:12,1.97,173,357,,23.21,3073,2090,,,,,4.30,7.5,32.3,372.0,06:12,,,,,,,,,,,,,,,,,,,,,,,,,,,,,,,,,
River,0:27,06:39,6:39,2.14,0,547,,25.35,3073,2637,,,,,3.60,7.5,27.0,399.0,06:39,,,,,,,,,,,,,,,,,,,,,,,,,,,,,,,,,
Stob Coire Easian,1:01,07:40,7:40,2.36,706,26,,27.71,3779,2663,,,,,8.08,7.5,60.6,459.6,07:40,,,,,,,,,,,,,,,,,,,,,,,,,,,,,,,,,
Stob a’ Choire Mheadhoin,0:20,#VALUE!,7:60,1.10,149,150,,28.81,3928,2813,,,,,2.69,7.5,20.2,479.8,#VALUE!,,,,,,,,,,,,,,,,,,,,,,,,,,,,,,,,,
Fersit Dam,1:00,09:00,9:00,5.71,1,875,,34.52,3929,3688,,,,,8.05,7.5,60.4,540.2,09:00,,,,,,,,,,,,,,,,,,,,,,,,,,,,,,,,,
Stob Coire Sgriodan,1:15,10:15,10:15,3.25,761,19,,37.77,4690,3707,,,,,9.39,8.0,75.1,615.3,10:15,,,,,,,,,,,,,,,,,,,,,,,,,,,,,,,,,
Chno Dearg,0:40,10:55,10:55,2.89,212,144,,40.66,4903,3850,,,,,4.97,8.0,39.8,655.1,10:55,,,,,,,,,,,,,,,,,,,,,,,,,,,,,,,,,
Beinn Na Lap,1:20,12:15,12:15,4.79,465,572,,45.45,5367,4422,,,,,10.03,8.0,80.3,735.3,12:15,,,,,,,,,,,,,,,,,,,,,,,,,,,,,,,,,
Beinn Na Lap turn off,0:42,12:57,12:57,3.67,8,565,,49.12,5376,4987,,,,,5.24,8.0,41.9,777.3,12:57,,,,,,,,,,,,,,,,,,,,,,,,,,,,,,,,,
River,1:25,14:22,14:22,8.97,136,199,,58.09,5512,5185,,,,,10.59,8.0,84.7,862.0,14:22,,,,,,,,,,,,,,,,,,,,,,,,,,,,,,,,,
Sgurr Eilide Mor,1:25,15:47,15:47,5.33,666,4,,63.42,6178,5190,,,,,10.67,8.0,85.3,947.3,15:47,,,,,,,,,,,,,,,,,,,,,,,,,,,,,,,,,
Binnein Beag,0:53,16:40,16:40,3.10,317,360,,66.52,6495,5549,,,,,6.60,8.0,52.8,1000.1,16:40,,,,,,,,,,,,,,,,,,,,,,,,,,,,,,,,,
Binnein Mor,0:45,17:25,17:25,1.97,353,186,,68.49,6847,5736,,,,,5.29,8.5,44.9,1045.0,17:25,,,,,,,,,,,,,,,,,,,,,,,,,,,,,,,,,
Na Gruigaichean,0:27,17:52,17:52,1.67,113,205,,70.16,6961,5940,,,,,3.12,8.5,26.5,1071.6,17:52,,,,,,,,,,,,,,,,,,,,,,,,,,,,,,,,,
An Gearanach,0:55,18:46,18:46,3.02,310,359,,73.18,7271,6299,,,,,6.46,8.5,54.9,1126.5,18:46,,,,,,,,,,,,,,,,,,,,,,,,,,,,,,,,,
Stob Coire a Chairn,0:23,19:09,19:09,1.21,133,145,,74.39,7404,6444,,,,,2.66,8.5,22.6,1149.1,19:09,,,,,,,,,,,,,,,,,,,,,,,,,,,,,,,,,
Am Bodach,0:35,19:44,19:44,1.65,249,184,,76.04,7652,6628,,,,,4.13,8.5,35.1,1184.2,19:44,,,,,,,,,,,,,,,,,,,,,,,,,,,,,,,,,
Sgurr a Mhaim,0:53,20:37,20:37,2.84,337,263,,78.88,7989,6891,,,,,6.24,8.5,53.0,1237.2,20:37,,,,,,,,,,,,,,,,,,,,,,,,,,,,,,,,,
Stob Ban,0:54,21:31,21:31,3.01,288,399,,81.89,8277,7290,,,,,6.38,8.5,54.2,1291.4,21:31,,,,,,,,,,,,,,,,,,,,,,,,,,,,,,,,,
Mullach,0:47,22:18,22:18,3.18,208,259,,85.07,8485,7549,,,,,5.53,8.5,47.0,1338.5,22:18,,,,,,,,,,,,,,,,,,,,,,,,,,,,,,,,,
Youth Hostel,1:24,23:43,23:43,7.22,21,957,,92.29,8506,8506,,,,,9.94,8.5,84.5,1422.9,23:43,,,,,,,,,,,,,,,,,,,,,,,,,,,,,,,,,
,23:43,,,92.29,8506.16,8506.16,,,,,,,,,183.02,,1422.9,,,,,,,,,,,,,,,,,,,,,,,,,,,,,,,,,,,
